###############################################################
#  Generated by:      Cadence Innovus 21.35-s114_1
#  OS:                Linux x86_64(Host ID pc231.ee.hacettepe.edu.tr)
#  Generated on:      Sun Dec 28 17:44:20 2025
#  Design:            ALU_TOP
#  Command:           verify_drc
###############################################################

SHORT: ( Metal Short ) Special Wire of Net VDD & Pin of Cell mult_mult16_ll_add_196_36_g454  ( Metal1 )
Bounds : ( 10.000, 116.030 ) ( 12.800, 116.150 )


SHORT: ( Metal Short ) Special Wire of Net VSS & Pin of Cell mult_mult16_ll_add_196_36_g483  ( Metal1 )
Bounds : ( 10.000, 117.740 ) ( 12.800, 117.860 )


SHORT: ( Metal Short ) Special Wire of Net VDD & Pin of Cell mult_mult16_ll_add_196_36_g412  ( Metal1 )
Bounds : ( 10.000, 119.450 ) ( 16.600, 119.570 )


SHORT: ( Metal Short ) Special Wire of Net VSS & Pin of Cell mult_mult16_ll_add_196_36_g450  ( Metal1 )
Bounds : ( 10.000, 121.160 ) ( 16.200, 121.280 )


SHORT: ( Metal Short ) Special Wire of Net VSS & Pin of Cell mult_mult16_ll_add_196_36_g452  ( Metal1 )
Bounds : ( 10.000, 124.580 ) ( 11.400, 124.700 )


SHORT: ( Metal Short ) Special Wire of Net VDD & Pin of Cell g108434  ( Metal1 )
Bounds : ( 10.000, 126.290 ) ( 38.400, 126.410 )


SHORT: ( Metal Short ) Special Wire of Net VSS & Pin of Cell mult_mult16_ll_add_196_36_g416  ( Metal1 )
Bounds : ( 10.000, 128.000 ) ( 11.200, 128.120 )


SHORT: ( Metal Short ) Special Wire of Net VDD & Pin of Cell mult_mult16_ll_add_196_36_g482  ( Metal1 )
Bounds : ( 10.000, 129.710 ) ( 17.400, 129.830 )


SHORT: ( Metal Short ) Special Wire of Net VSS & Pin of Cell mult_mult16_ll_add_196_36_g509  ( Metal1 )
Bounds : ( 10.000, 131.420 ) ( 17.800, 131.540 )


SHORT: ( Metal Short ) Special Wire of Net VDD & Pin of Cell mult_mult16_ll_add_196_36_g510  ( Metal1 )
Bounds : ( 10.000, 133.130 ) ( 28.800, 133.250 )


SHORT: ( Metal Short ) Special Wire of Net VDD & Pin of Cell mult_mult16_ll_add_196_36_g460  ( Metal1 )
Bounds : ( 10.000, 143.390 ) ( 12.400, 143.510 )


SHORT: ( Metal Short ) Special Wire of Net VSS & Pin of Cell mult_mult16_ll_add_196_36_g516  ( Metal1 )
Bounds : ( 10.000, 145.100 ) ( 13.800, 145.220 )


SHORT: ( Metal Short ) Special Wire of Net VDD & Pin of Cell mult_mult16_ll_add_196_36_g511  ( Metal1 )
Bounds : ( 10.200, 122.870 ) ( 11.400, 122.990 )


SHORT: ( Metal Short ) Special Wire of Net VDD & Pin of Cell csa_tree_ADD_TC_OP_3_groupi495_g489  ( Metal1 )
Bounds : ( 10.200, 136.550 ) ( 34.000, 136.670 )


SHORT: ( Metal Short ) Special Wire of Net VSS & Pin of Cell FE_OFC0_reset_n  ( Metal1 )
Bounds : ( 10.200, 138.260 ) ( 18.600, 138.380 )


SHORT: ( Metal Short ) Special Wire of Net VDD & Pin of Cell mult_mult16_ll_p_lh_reg_reg[4]  ( Metal1 )
Bounds : ( 10.400, 146.810 ) ( 26.200, 146.930 )


SHORT: ( Metal Short ) Special Wire of Net VSS & Pin of Cell csa_tree_ADD_TC_OP_3_groupi508_g498  ( Metal1 )
Bounds : ( 173.000, 59.600 ) ( 173.600, 59.720 )


SHORT: ( Metal Short ) Special Wire of Net VDD & Pin of Cell mult_mult16_hh_mult8_lh_p_lh_reg_reg[4]  ( Metal1 )
Bounds : ( 173.200, 57.890 ) ( 181.200, 58.010 )


SHORT: ( Metal Short ) Special Wire of Net VDD & Pin of Cell mult_mult16_hh_mult8_ll_p_hh_reg_reg[7]  ( Metal1 )
Bounds : ( 173.600, 71.570 ) ( 178.800, 71.690 )


SHORT: ( Metal Short ) Special Wire of Net VSS & Pin of Cell csa_tree_ADD_TC_OP_3_groupi508_g470  ( Metal1 )
Bounds : ( 174.000, 59.600 ) ( 175.400, 59.720 )


SHORT: ( Metal Short ) Special Wire of Net VDD & Pin of Cell csa_tree_ADD_TC_OP_3_groupi508_g469  ( Metal1 )
Bounds : ( 175.400, 61.310 ) ( 176.800, 61.430 )


SHORT: ( Metal Short ) Special Wire of Net VSS & Pin of Cell csa_tree_ADD_TC_OP_3_groupi508_g485  ( Metal1 )
Bounds : ( 175.600, 59.600 ) ( 176.400, 59.720 )


SHORT: ( Metal Short ) Special Wire of Net VSS & Pin of Cell csa_tree_ADD_TC_OP_3_groupi508_g466  ( Metal1 )
Bounds : ( 176.800, 59.600 ) ( 178.600, 59.720 )


SHORT: ( Metal Short ) Special Wire of Net VDD & Pin of Cell mult_mult16_hh_p_hl_reg_reg[5]  ( Metal1 )
Bounds : ( 176.800, 64.730 ) ( 180.800, 64.850 )


SHORT: ( Metal Short ) Special Wire of Net VDD & Pin of Cell mult_mult16_hh_add_196_36_g494  ( Metal1 )
Bounds : ( 177.000, 61.310 ) ( 184.800, 61.430 )


SHORT: ( Metal Short ) Special Wire of Net VSS & Pin of Cell mult_mult16_hh_add_196_36_g502  ( Metal1 )
Bounds : ( 178.800, 59.600 ) ( 179.400, 59.720 )


SHORT: ( Metal Short ) Special Wire of Net VDD & Pin of Cell csa_tree_ADD_TC_OP_2_groupi511_g1121  ( Metal1 )
Bounds : ( 179.000, 71.570 ) ( 202.000, 71.690 )


SHORT: ( Metal Short ) Special Wire of Net VDD & Pin of Cell csa_tree_ADD_TC_OP_3_groupi507_g477  ( Metal1 )
Bounds : ( 179.600, 74.990 ) ( 181.600, 75.110 )


SHORT: ( Metal Short ) Special Wire of Net VSS & Pin of Cell csa_tree_ADD_TC_OP_3_groupi507_g474  ( Metal1 )
Bounds : ( 179.600, 76.700 ) ( 181.600, 76.820 )


SHORT: ( Metal Short ) Special Wire of Net VSS & Pin of Cell mult_mult16_hh_p_lh_reg_reg[6]  ( Metal1 )
Bounds : ( 179.800, 59.600 ) ( 183.400, 59.720 )


SHORT: ( Metal Short ) Special Wire of Net VDD & Pin of Cell mult_mult16_hh_add_196_36_g487  ( Metal1 )
Bounds : ( 180.200, 68.150 ) ( 180.800, 68.270 )


SHORT: ( Metal Short ) Special Wire of Net VSS & Pin of Cell FE_OFC28_reset_n  ( Metal1 )
Bounds : ( 180.800, 73.280 ) ( 193.000, 73.400 )


SHORT: ( Metal Short ) Special Wire of Net VDD & Pin of Cell mult_mult16_hh_p_ll_reg_reg[13]  ( Metal1 )
Bounds : ( 181.000, 64.730 ) ( 192.000, 64.850 )


SHORT: ( Metal Short ) Special Wire of Net VSS & Pin of Cell mult_mult16_hh_p_lh_reg_reg[4]  ( Metal1 )
Bounds : ( 181.200, 66.440 ) ( 185.600, 66.560 )


SHORT: ( Metal Short ) Special Wire of Net VDD & Pin of Cell mult_mult16_hh_add_196_36_g497  ( Metal1 )
Bounds : ( 181.200, 68.150 ) ( 181.800, 68.270 )


SHORT: ( Metal Short ) Special Wire of Net VDD & Pin of Cell csa_tree_ADD_TC_OP_3_groupi507_g453  ( Metal1 )
Bounds : ( 181.800, 74.990 ) ( 183.600, 75.110 )


SHORT: ( Metal Short ) Special Wire of Net VSS & Pin of Cell csa_tree_ADD_TC_OP_3_groupi507_g458  ( Metal1 )
Bounds : ( 181.800, 76.700 ) ( 202.000, 76.820 )


SHORT: ( Metal Short ) Special Wire of Net VDD & Pin of Cell mult_mult16_hh_add_196_36_g516  ( Metal1 )
Bounds : ( 182.200, 57.890 ) ( 182.800, 58.010 )


SHORT: ( Metal Short ) Special Wire of Net VDD & Pin of Cell mult_mult16_hh_add_196_36_g459  ( Metal1 )
Bounds : ( 182.200, 68.150 ) ( 184.200, 68.270 )


SHORT: ( Metal Short ) Special Wire of Net VDD & Pin of Cell mult_mult16_hh_add_196_36_g512  ( Metal1 )
Bounds : ( 183.000, 57.890 ) ( 184.400, 58.010 )


SHORT: ( Metal Short ) Special Wire of Net VSS & Pin of Cell g106521  ( Metal1 )
Bounds : ( 152.800, 73.280 ) ( 159.800, 73.400 )


SHORT: ( Metal Short ) Special Wire of Net VDD & Pin of Cell g108152  ( Metal1 )
Bounds : ( 150.800, 74.990 ) ( 156.400, 75.110 )


SHORT: ( Metal Short ) Special Wire of Net VDD & Pin of Cell g102746  ( Metal1 )
Bounds : ( 149.200, 74.990 ) ( 150.400, 75.110 )


SHORT: ( Metal Short ) Special Wire of Net VSS & Pin of Cell g101429  ( Metal1 )
Bounds : ( 145.200, 73.280 ) ( 152.600, 73.400 )


SHORT: ( Metal Short ) Special Wire of Net VSS & Pin of Cell g103138  ( Metal1 )
Bounds : ( 144.000, 73.280 ) ( 145.000, 73.400 )


SHORT: ( Metal Short ) Special Wire of Net VSS & Pin of Cell g101428  ( Metal1 )
Bounds : ( 143.800, 76.700 ) ( 160.600, 76.820 )


SHORT: ( Metal Short ) Special Wire of Net VDD & Pin of Cell g102528  ( Metal1 )
Bounds : ( 143.800, 74.990 ) ( 148.800, 75.110 )


SHORT: ( Metal Short ) Special Wire of Net VSS & Pin of Cell g105447  ( Metal1 )
Bounds : ( 160.000, 73.280 ) ( 166.000, 73.400 )


SHORT: ( Metal Short ) Special Wire of Net VDD & Pin of Cell g105992  ( Metal1 )
Bounds : ( 160.200, 71.570 ) ( 166.000, 71.690 )


SHORT: ( Metal Short ) Special Wire of Net VSS & Pin of Cell g102647  ( Metal1 )
Bounds : ( 160.800, 76.700 ) ( 161.400, 76.820 )


SHORT: ( Metal Short ) Special Wire of Net VSS & Pin of Cell g104635  ( Metal1 )
Bounds : ( 166.600, 73.280 ) ( 167.200, 73.400 )


SHORT: ( Metal Short ) Special Wire of Net VSS & Pin of Cell mult_mult16_hh_mult8_lh_p_hl_reg_reg[0]  ( Metal1 )
Bounds : ( 167.600, 73.280 ) ( 171.200, 73.400 )


SHORT: ( Metal Short ) Special Wire of Net VDD & Pin of Cell g108244  ( Metal1 )
Bounds : ( 143.800, 71.570 ) ( 159.800, 71.690 )


SHORT: ( Metal Short ) Special Wire of Net VDD & Pin of Cell g108112  ( Metal1 )
Bounds : ( 157.000, 57.890 ) ( 158.600, 58.010 )


SHORT: ( Metal Short ) Special Wire of Net VDD & Pin of Cell g106681  ( Metal1 )
Bounds : ( 156.600, 68.150 ) ( 158.000, 68.270 )


SHORT: ( Metal Short ) Special Wire of Net VSS & Pin of Cell mult_mult16_hh_mult8_hl_p_ll_reg_reg[5]  ( Metal1 )
Bounds : ( 155.600, 63.020 ) ( 159.400, 63.140 )


SHORT: ( Metal Short ) Special Wire of Net VDD & Pin of Cell g106617  ( Metal1 )
Bounds : ( 154.800, 68.150 ) ( 156.400, 68.270 )


SHORT: ( Metal Short ) Special Wire of Net VSS & Pin of Cell g105093  ( Metal1 )
Bounds : ( 154.600, 63.020 ) ( 155.200, 63.140 )


SHORT: ( Metal Short ) Special Wire of Net VSS & Pin of Cell g105278  ( Metal1 )
Bounds : ( 151.800, 69.860 ) ( 162.400, 69.980 )


SHORT: ( Metal Short ) Special Wire of Net VDD & Pin of Cell g105091  ( Metal1 )
Bounds : ( 153.600, 68.150 ) ( 154.600, 68.270 )


SHORT: ( Metal Short ) Special Wire of Net VDD & Pin of Cell mult_mult16_hh_mult8_hl_p_ll_reg_reg[6]  ( Metal1 )
Bounds : ( 153.000, 57.890 ) ( 156.800, 58.010 )


SHORT: ( Metal Short ) Special Wire of Net VSS & Pin of Cell g106988  ( Metal1 )
Bounds : ( 148.800, 69.860 ) ( 151.600, 69.980 )


SHORT: ( Metal Short ) Special Wire of Net VSS & Pin of Cell g106968  ( Metal1 )
Bounds : ( 147.800, 66.440 ) ( 151.000, 66.560 )


SHORT: ( Metal Short ) Special Wire of Net VSS & Pin of Cell g105711  ( Metal1 )
Bounds : ( 145.600, 63.020 ) ( 154.200, 63.140 )


SHORT: ( Metal Short ) Special Wire of Net VSS & Pin of Cell g105611  ( Metal1 )
Bounds : ( 143.800, 69.860 ) ( 148.600, 69.980 )


SHORT: ( Metal Short ) Special Wire of Net VDD & Pin of Cell g106972  ( Metal1 )
Bounds : ( 143.800, 68.150 ) ( 153.200, 68.270 )


SHORT: ( Metal Short ) Special Wire of Net VSS & Pin of Cell g106644  ( Metal1 )
Bounds : ( 157.400, 59.600 ) ( 163.600, 59.720 )


SHORT: ( Metal Short ) Special Wire of Net VDD & Pin of Cell g106894  ( Metal1 )
Bounds : ( 158.800, 57.890 ) ( 164.800, 58.010 )


SHORT: ( Metal Short ) Special Wire of Net VSS & Pin of Cell csa_tree_ADD_TC_OP_3_groupi509_g486  ( Metal1 )
Bounds : ( 159.800, 63.020 ) ( 163.000, 63.140 )


SHORT: ( Metal Short ) Special Wire of Net VSS & Pin of Cell g106106  ( Metal1 )
Bounds : ( 162.600, 69.860 ) ( 163.600, 69.980 )


SHORT: ( Metal Short ) Special Wire of Net VSS & Pin of Cell g105558  ( Metal1 )
Bounds : ( 163.200, 63.020 ) ( 164.000, 63.140 )


SHORT: ( Metal Short ) Special Wire of Net VSS & Pin of Cell g105241  ( Metal1 )
Bounds : ( 164.000, 59.600 ) ( 165.000, 59.720 )


SHORT: ( Metal Short ) Special Wire of Net VSS & Pin of Cell csa_tree_ADD_TC_OP_3_groupi508_cdnfadd_002_0  ( Metal1 )
Bounds : ( 164.200, 63.020 ) ( 171.200, 63.140 )


SHORT: ( Metal Short ) Special Wire of Net VDD & Pin of Cell mult_mult16_hh_mult8_lh_p_hh_reg_reg[1]  ( Metal1 )
Bounds : ( 165.200, 57.890 ) ( 168.800, 58.010 )


SHORT: ( Metal Short ) Special Wire of Net VDD & Pin of Cell mult_mult16_lh_mult8_lh_p_hh_reg_reg[0]  ( Metal1 )
Bounds : ( 116.800, 74.990 ) ( 121.200, 75.110 )


SHORT: ( Metal Short ) Special Wire of Net VDD & Pin of Cell g104637  ( Metal1 )
Bounds : ( 121.400, 74.990 ) ( 139.600, 75.110 )


SHORT: ( Metal Short ) Special Wire of Net VSS & Pin of Cell g105329  ( Metal1 )
Bounds : ( 121.600, 76.700 ) ( 135.600, 76.820 )


SHORT: ( Metal Short ) Special Wire of Net VSS & Pin of Cell g107750  ( Metal1 )
Bounds : ( 136.600, 76.700 ) ( 140.600, 76.820 )


SHORT: ( Metal Short ) Special Wire of Net VSS & Pin of Cell g105777  ( Metal1 )
Bounds : ( 138.600, 63.020 ) ( 140.200, 63.140 )


SHORT: ( Metal Short ) Special Wire of Net VDD & Pin of Cell g105786  ( Metal1 )
Bounds : ( 138.600, 61.310 ) ( 140.200, 61.430 )


SHORT: ( Metal Short ) Special Wire of Net VDD & Pin of Cell g108446  ( Metal1 )
Bounds : ( 134.000, 64.730 ) ( 135.000, 64.850 )


SHORT: ( Metal Short ) Special Wire of Net VSS & Pin of Cell g106911  ( Metal1 )
Bounds : ( 133.200, 69.860 ) ( 135.000, 69.980 )


SHORT: ( Metal Short ) Special Wire of Net VSS & Pin of Cell g105882  ( Metal1 )
Bounds : ( 133.000, 63.020 ) ( 138.400, 63.140 )


SHORT: ( Metal Short ) Special Wire of Net VSS & Pin of Cell g106178  ( Metal1 )
Bounds : ( 132.200, 59.600 ) ( 140.000, 59.720 )


SHORT: ( Metal Short ) Special Wire of Net VSS & Pin of Cell g106795  ( Metal1 )
Bounds : ( 130.600, 59.600 ) ( 132.000, 59.720 )


SHORT: ( Metal Short ) Special Wire of Net VSS & Pin of Cell g108015  ( Metal1 )
Bounds : ( 129.800, 59.600 ) ( 130.400, 59.720 )


SHORT: ( Metal Short ) Special Wire of Net VDD & Pin of Cell g108232  ( Metal1 )
Bounds : ( 129.400, 61.310 ) ( 138.400, 61.430 )


SHORT: ( Metal Short ) Special Wire of Net VDD & Pin of Cell g107745  ( Metal1 )
Bounds : ( 135.200, 64.730 ) ( 140.000, 64.850 )


SHORT: ( Metal Short ) Special Wire of Net VSS & Pin of Cell g102401  ( Metal1 )
Bounds : ( 136.600, 66.440 ) ( 139.800, 66.560 )


SHORT: ( Metal Short ) Special Wire of Net VSS & Pin of Cell g105584  ( Metal1 )
Bounds : ( 140.400, 63.020 ) ( 142.200, 63.140 )


SHORT: ( Metal Short ) Special Wire of Net VSS & Pin of Cell g107135  ( Metal1 )
Bounds : ( 126.400, 59.600 ) ( 127.800, 59.720 )


SHORT: ( Metal Short ) Special Wire of Net VSS & Pin of Cell g102373  ( Metal1 )
Bounds : ( 124.600, 59.600 ) ( 126.200, 59.720 )


SHORT: ( Metal Short ) Special Wire of Net VSS & Pin of Cell g103156  ( Metal1 )
Bounds : ( 123.800, 59.600 ) ( 124.400, 59.720 )


SHORT: ( Metal Short ) Special Wire of Net VDD & Pin of Cell g103152  ( Metal1 )
Bounds : ( 122.200, 61.310 ) ( 125.200, 61.430 )


SHORT: ( Metal Short ) Special Wire of Net VSS & Pin of Cell csa_tree_ADD_TC_OP_3_groupi498_g477  ( Metal1 )
Bounds : ( 121.600, 66.440 ) ( 123.000, 66.560 )


SHORT: ( Metal Short ) Special Wire of Net VDD & Pin of Cell g107009  ( Metal1 )
Bounds : ( 120.600, 61.310 ) ( 121.800, 61.430 )


SHORT: ( Metal Short ) Special Wire of Net VSS & Pin of Cell g107670  ( Metal1 )
Bounds : ( 120.600, 59.600 ) ( 123.600, 59.720 )


SHORT: ( Metal Short ) Special Wire of Net VSS & Pin of Cell g108171  ( Metal1 )
Bounds : ( 114.800, 63.020 ) ( 115.400, 63.140 )


SHORT: ( Metal Short ) Special Wire of Net VSS & Pin of Cell csa_tree_ADD_TC_OP_3_groupi498_g461  ( Metal1 )
Bounds : ( 116.000, 66.440 ) ( 117.400, 66.560 )


SHORT: ( Metal Short ) Special Wire of Net VSS & Pin of Cell csa_tree_ADD_TC_OP_3_groupi498_g473  ( Metal1 )
Bounds : ( 116.400, 69.860 ) ( 117.800, 69.980 )


SHORT: ( Metal Short ) Special Wire of Net VSS & Pin of Cell csa_tree_ADD_TC_OP_3_groupi498_g464  ( Metal1 )
Bounds : ( 117.600, 66.440 ) ( 119.200, 66.560 )


SHORT: ( Metal Short ) Special Wire of Net VSS & Pin of Cell g106924  ( Metal1 )
Bounds : ( 118.200, 69.860 ) ( 118.800, 69.980 )


SHORT: ( Metal Short ) Special Wire of Net VSS & Pin of Cell g108179  ( Metal1 )
Bounds : ( 118.600, 59.600 ) ( 120.200, 59.720 )


SHORT: ( Metal Short ) Special Wire of Net VSS & Pin of Cell csa_tree_ADD_TC_OP_3_groupi498_g474  ( Metal1 )
Bounds : ( 119.400, 66.440 ) ( 121.200, 66.560 )


SHORT: ( Metal Short ) Special Wire of Net VSS & Pin of Cell csa_tree_ADD_TC_OP_3_groupi498_cdnfadd_006_0  ( Metal1 )
Bounds : ( 119.000, 69.860 ) ( 133.000, 69.980 )


SHORT: ( Metal Short ) Special Wire of Net VSS & Pin of Cell g106509  ( Metal1 )
Bounds : ( 115.600, 63.020 ) ( 132.800, 63.140 )


SHORT: ( Metal Short ) Special Wire of Net VSS & Pin of Cell g108446  ( Metal1 )
Bounds : ( 123.200, 66.440 ) ( 136.400, 66.560 )


SHORT: ( Metal Short ) Special Wire of Net VDD & Pin of Cell g106956  ( Metal1 )
Bounds : ( 125.400, 61.310 ) ( 129.200, 61.430 )


SHORT: ( Metal Short ) Special Wire of Net VSS & Pin of Cell g107888  ( Metal1 )
Bounds : ( 128.200, 59.600 ) ( 129.400, 59.720 )


SHORT: ( Metal Short ) Special Wire of Net VDD & Pin of Cell g108488  ( Metal1 )
Bounds : ( 121.600, 68.150 ) ( 143.600, 68.270 )


SHORT: ( Metal Short ) Special Wire of Net VSS & Pin of Cell g106211  ( Metal1 )
Bounds : ( 135.200, 69.860 ) ( 143.600, 69.980 )


SHORT: ( Metal Short ) Special Wire of Net VSS & Pin of Cell g108347  ( Metal1 )
Bounds : ( 138.800, 73.280 ) ( 143.600, 73.400 )


SHORT: ( Metal Short ) Special Wire of Net VDD & Pin of Cell g107749  ( Metal1 )
Bounds : ( 139.000, 71.570 ) ( 143.600, 71.690 )


SHORT: ( Metal Short ) Special Wire of Net VDD & Pin of Cell g108429  ( Metal1 )
Bounds : ( 139.800, 74.990 ) ( 143.600, 75.110 )


SHORT: ( Metal Short ) Special Wire of Net VSS & Pin of Cell g107131  ( Metal1 )
Bounds : ( 140.200, 59.600 ) ( 157.000, 59.720 )


SHORT: ( Metal Short ) Special Wire of Net VDD & Pin of Cell g108356  ( Metal1 )
Bounds : ( 140.200, 64.730 ) ( 146.200, 64.850 )


SHORT: ( Metal Short ) Special Wire of Net VSS & Pin of Cell g102519  ( Metal1 )
Bounds : ( 140.200, 66.440 ) ( 147.600, 66.560 )


SHORT: ( Metal Short ) Special Wire of Net VSS & Pin of Cell g108602  ( Metal1 )
Bounds : ( 140.800, 76.700 ) ( 143.600, 76.820 )


SHORT: ( Metal Short ) Special Wire of Net VDD & Pin of Cell g106975  ( Metal1 )
Bounds : ( 141.400, 57.890 ) ( 152.600, 58.010 )


SHORT: ( Metal Short ) Special Wire of Net VSS & Pin of Cell g105297  ( Metal1 )
Bounds : ( 142.400, 63.020 ) ( 145.400, 63.140 )


SHORT: ( Metal Short ) Special Wire of Net VDD & Pin of Cell g107872  ( Metal1 )
Bounds : ( 140.400, 61.310 ) ( 164.000, 61.430 )


SHORT: ( Metal Short ) Special Wire of Net VSS & Pin of Cell csa_tree_ADD_TC_OP_3_groupi508_g486  ( Metal1 )
Bounds : ( 151.200, 66.440 ) ( 180.800, 66.560 )


SHORT: ( Metal Short ) Special Wire of Net VDD & Pin of Cell FE_OFC27_reset_n  ( Metal1 )
Bounds : ( 156.800, 74.990 ) ( 179.400, 75.110 )


SHORT: ( Metal Short ) Special Wire of Net VDD & Pin of Cell CTS_ccl_a_buf_00015  ( Metal1 )
Bounds : ( 158.600, 68.150 ) ( 180.000, 68.270 )


SHORT: ( Metal Short ) Special Wire of Net VSS & Pin of Cell g107636  ( Metal1 )
Bounds : ( 161.800, 76.700 ) ( 179.200, 76.820 )


SHORT: ( Metal Short ) Special Wire of Net VSS & Pin of Cell mult_mult16_hh_add_196_36_g465  ( Metal1 )
Bounds : ( 163.800, 69.860 ) ( 184.000, 69.980 )


SHORT: ( Metal Short ) Special Wire of Net VDD & Pin of Cell csa_tree_ADD_TC_OP_3_groupi508_g498  ( Metal1 )
Bounds : ( 164.200, 61.310 ) ( 175.200, 61.430 )


SHORT: ( Metal Short ) Special Wire of Net VSS & Pin of Cell mult_mult16_hh_mult8_lh_p_hh_reg_reg[1]  ( Metal1 )
Bounds : ( 165.200, 59.600 ) ( 172.800, 59.720 )


SHORT: ( Metal Short ) Special Wire of Net VDD & Pin of Cell mult_mult16_hh_mult8_lh_p_lh_reg_reg[0]  ( Metal1 )
Bounds : ( 166.200, 71.570 ) ( 173.400, 71.690 )


SHORT: ( Metal Short ) Special Wire of Net VDD & Pin of Cell mult_mult16_hh_mult8_lh_p_hl_reg_reg[3]  ( Metal1 )
Bounds : ( 169.200, 57.890 ) ( 172.800, 58.010 )


SHORT: ( Metal Short ) Special Wire of Net VSS & Pin of Cell mult_mult16_hh_add_196_36_g467  ( Metal1 )
Bounds : ( 171.400, 63.020 ) ( 192.200, 63.140 )


SHORT: ( Metal Short ) Special Wire of Net VSS & Pin of Cell csa_tree_ADD_TC_OP_3_groupi507_g457  ( Metal1 )
Bounds : ( 171.600, 73.280 ) ( 180.600, 73.400 )


SHORT: ( Metal Short ) Special Wire of Net VDD & Pin of Cell g106619  ( Metal1 )
Bounds : ( 146.400, 64.730 ) ( 176.600, 64.850 )


SHORT: ( Metal Short ) Special Wire of Net VDD & Pin of Cell FE_OFC30_reset_n  ( Metal1 )
Bounds : ( 181.400, 54.470 ) ( 188.800, 54.590 )


SHORT: ( Metal Short ) Special Wire of Net VDD & Pin of Cell csa_tree_ADD_TC_OP_3_groupi508_g480  ( Metal1 )
Bounds : ( 179.400, 47.630 ) ( 180.200, 47.750 )


SHORT: ( Metal Short ) Special Wire of Net VSS & Pin of Cell mult_mult16_hh_p_hl_reg_reg[9]  ( Metal1 )
Bounds : ( 179.400, 45.920 ) ( 183.600, 46.040 )


SHORT: ( Metal Short ) Special Wire of Net VSS & Pin of Cell mult_mult16_hh_p_hl_reg_reg[6]  ( Metal1 )
Bounds : ( 177.600, 56.180 ) ( 181.200, 56.300 )


SHORT: ( Metal Short ) Special Wire of Net VSS & Pin of Cell csa_tree_ADD_TC_OP_3_groupi508_g497  ( Metal1 )
Bounds : ( 177.600, 45.920 ) ( 178.800, 46.040 )


SHORT: ( Metal Short ) Special Wire of Net VSS & Pin of Cell csa_tree_ADD_TC_OP_3_groupi508_g484  ( Metal1 )
Bounds : ( 177.400, 49.340 ) ( 180.400, 49.460 )


SHORT: ( Metal Short ) Special Wire of Net VDD & Pin of Cell csa_tree_ADD_TC_OP_3_groupi508_g497  ( Metal1 )
Bounds : ( 177.400, 47.630 ) ( 179.000, 47.750 )


SHORT: ( Metal Short ) Special Wire of Net VDD & Pin of Cell FE_RC_352_0  ( Metal1 )
Bounds : ( 177.200, 51.050 ) ( 181.800, 51.170 )


SHORT: ( Metal Short ) Special Wire of Net VSS & Pin of Cell csa_tree_ADD_TC_OP_3_groupi508_g510  ( Metal1 )
Bounds : ( 176.400, 49.340 ) ( 177.200, 49.460 )


SHORT: ( Metal Short ) Special Wire of Net VDD & Pin of Cell mult_mult16_hh_p_hl_reg_reg[9]  ( Metal1 )
Bounds : ( 180.000, 44.210 ) ( 183.600, 44.330 )


SHORT: ( Metal Short ) Special Wire of Net VSS & Pin of Cell csa_tree_ADD_TC_OP_3_groupi508_g483  ( Metal1 )
Bounds : ( 180.200, 52.760 ) ( 188.600, 52.880 )


SHORT: ( Metal Short ) Special Wire of Net VDD & Pin of Cell csa_tree_ADD_TC_OP_3_groupi508_g451  ( Metal1 )
Bounds : ( 180.600, 47.630 ) ( 182.400, 47.750 )


SHORT: ( Metal Short ) Special Wire of Net VSS & Pin of Cell csa_tree_ADD_TC_OP_3_groupi508_g456  ( Metal1 )
Bounds : ( 180.600, 49.340 ) ( 181.600, 49.460 )


SHORT: ( Metal Short ) Special Wire of Net VSS & Pin of Cell csa_tree_ADD_TC_OP_3_groupi508_g481  ( Metal1 )
Bounds : ( 181.800, 49.340 ) ( 182.400, 49.460 )


SHORT: ( Metal Short ) Special Wire of Net VSS & Pin of Cell mult_mult16_hh_add_196_36_g488  ( Metal1 )
Bounds : ( 181.800, 56.180 ) ( 182.800, 56.300 )


SHORT: ( Metal Short ) Special Wire of Net VDD & Pin of Cell mult_mult16_hh_add_196_36_g510  ( Metal1 )
Bounds : ( 182.000, 51.050 ) ( 188.600, 51.170 )


SHORT: ( Metal Short ) Special Wire of Net VDD & Pin of Cell mult_mult16_hh_p_lh_reg_reg[11]  ( Metal1 )
Bounds : ( 182.800, 47.630 ) ( 188.000, 47.750 )


SHORT: ( Metal Short ) Special Wire of Net VSS & Pin of Cell mult_mult16_hh_add_196_36_g498  ( Metal1 )
Bounds : ( 182.800, 49.340 ) ( 188.800, 49.460 )


SHORT: ( Metal Short ) Special Wire of Net VSS & Pin of Cell mult_mult16_hh_add_196_36_g496  ( Metal1 )
Bounds : ( 183.000, 56.180 ) ( 183.600, 56.300 )


SHORT: ( Metal Short ) Special Wire of Net VDD & Pin of Cell csa_tree_ADD_TC_OP_3_groupi508_g457  ( Metal1 )
Bounds : ( 178.400, 37.370 ) ( 181.800, 37.490 )


SHORT: ( Metal Short ) Special Wire of Net VSS & Pin of Cell csa_tree_ADD_TC_OP_3_groupi508_g475  ( Metal1 )
Bounds : ( 178.200, 39.080 ) ( 181.800, 39.200 )


SHORT: ( Metal Short ) Special Wire of Net VSS & Pin of Cell csa_tree_ADD_TC_OP_3_groupi508_g474  ( Metal1 )
Bounds : ( 178.000, 42.500 ) ( 179.200, 42.620 )


SHORT: ( Metal Short ) Special Wire of Net VDD & Pin of Cell mult_mult16_hh_add_196_36_g508  ( Metal1 )
Bounds : ( 178.000, 40.790 ) ( 189.400, 40.910 )


SHORT: ( Metal Short ) Special Wire of Net VSS & Pin of Cell mult_mult16_hh_mult8_hl_p_hh_reg_reg[7]  ( Metal1 )
Bounds : ( 175.800, 32.240 ) ( 180.000, 32.360 )


SHORT: ( Metal Short ) Special Wire of Net VDD & Pin of Cell csa_tree_ADD_TC_OP_3_groupi509_g493  ( Metal1 )
Bounds : ( 175.800, 30.530 ) ( 179.800, 30.650 )


SHORT: ( Metal Short ) Special Wire of Net VDD & Pin of Cell csa_tree_ADD_TC_OP_3_groupi509_g454  ( Metal1 )
Bounds : ( 175.400, 33.950 ) ( 181.200, 34.070 )


SHORT: ( Metal Short ) Special Wire of Net VDD & Pin of Cell mult_mult16_hh_mult8_lh_p_hh_reg_reg[7]  ( Metal1 )
Bounds : ( 174.400, 37.370 ) ( 178.000, 37.490 )


SHORT: ( Metal Short ) Special Wire of Net VDD & Pin of Cell mult_mult16_hh_mult8_lh_p_hh_reg_reg[4]  ( Metal1 )
Bounds : ( 174.200, 40.790 ) ( 177.800, 40.910 )


SHORT: ( Metal Short ) Special Wire of Net VSS & Pin of Cell mult_mult16_hh_mult8_lh_p_hh_reg_reg[7]  ( Metal1 )
Bounds : ( 174.200, 39.080 ) ( 178.000, 39.200 )


SHORT: ( Metal Short ) Special Wire of Net VDD & Pin of Cell csa_tree_ADD_TC_OP_3_groupi509_g459  ( Metal1 )
Bounds : ( 172.400, 40.790 ) ( 174.000, 40.910 )


SHORT: ( Metal Short ) Special Wire of Net VSS & Pin of Cell mult_mult16_hh_mult8_hl_p_hh_reg_reg[6]  ( Metal1 )
Bounds : ( 171.800, 32.240 ) ( 175.400, 32.360 )


SHORT: ( Metal Short ) Special Wire of Net VSS & Pin of Cell csa_tree_ADD_TC_OP_3_groupi508_g458  ( Metal1 )
Bounds : ( 179.600, 42.500 ) ( 181.000, 42.620 )


SHORT: ( Metal Short ) Special Wire of Net VSS & Pin of Cell csa_tree_ADD_TC_OP_3_groupi509_g457  ( Metal1 )
Bounds : ( 180.400, 28.820 ) ( 181.800, 28.940 )


SHORT: ( Metal Short ) Special Wire of Net VDD & Pin of Cell mult_mid_sum_reg_reg[24]  ( Metal1 )
Bounds : ( 180.400, 30.530 ) ( 190.600, 30.650 )


SHORT: ( Metal Short ) Special Wire of Net VSS & Pin of Cell mult_mult16_hh_p_hl_reg_reg[14]  ( Metal1 )
Bounds : ( 180.400, 32.240 ) ( 186.600, 32.360 )


SHORT: ( Metal Short ) Special Wire of Net VDD & Pin of Cell csa_tree_ADD_TC_OP_3_groupi509_g453  ( Metal1 )
Bounds : ( 181.400, 33.950 ) ( 185.600, 34.070 )


SHORT: ( Metal Short ) Special Wire of Net VSS & Pin of Cell mult_mult16_hh_add_196_36_g499  ( Metal1 )
Bounds : ( 181.400, 42.500 ) ( 193.200, 42.620 )


SHORT: ( Metal Short ) Special Wire of Net VSS & Pin of Cell mult_mult16_hh_p_hl_reg_reg[13]  ( Metal1 )
Bounds : ( 182.000, 35.660 ) ( 193.200, 35.780 )


SHORT: ( Metal Short ) Special Wire of Net VSS & Pin of Cell csa_tree_ADD_TC_OP_3_groupi509_g455  ( Metal1 )
Bounds : ( 182.200, 28.820 ) ( 183.200, 28.940 )


SHORT: ( Metal Short ) Special Wire of Net VDD & Pin of Cell mult_mult16_hh_p_lh_reg_reg[14]  ( Metal1 )
Bounds : ( 182.200, 37.370 ) ( 189.600, 37.490 )


SHORT: ( Metal Short ) Special Wire of Net VSS & Pin of Cell mult_mult16_hh_p_lh_reg_reg[13]  ( Metal1 )
Bounds : ( 182.200, 39.080 ) ( 185.800, 39.200 )


SHORT: ( Metal Short ) Special Wire of Net VSS & Pin of Cell mult_mid_sum_reg_reg[22]  ( Metal1 )
Bounds : ( 176.400, 21.980 ) ( 180.200, 22.100 )


SHORT: ( Metal Short ) Special Wire of Net VDD & Pin of Cell mult_mid_sum_reg_reg[23]  ( Metal1 )
Bounds : ( 176.400, 20.270 ) ( 180.000, 20.390 )


SHORT: ( Metal Short ) Special Wire of Net VSS & Pin of Cell mult_mid_sum_reg_reg[25]  ( Metal1 )
Bounds : ( 176.400, 18.560 ) ( 180.000, 18.680 )


SHORT: ( Metal Short ) Special Wire of Net VDD & Pin of Cell mult_mid_sum_reg_reg[25]  ( Metal1 )
Bounds : ( 176.400, 16.850 ) ( 180.000, 16.970 )


SHORT: ( Metal Short ) Special Wire of Net VSS & Pin of Cell mult_add_55_36_g1253  ( Metal1 )
Bounds : ( 174.800, 21.980 ) ( 176.200, 22.100 )


SHORT: ( Metal Short ) Special Wire of Net VSS & Pin of Cell mult_add_55_36_g1263  ( Metal1 )
Bounds : ( 174.400, 18.560 ) ( 175.800, 18.680 )


SHORT: ( Metal Short ) Special Wire of Net VSS & Pin of Cell mult_add_55_36_g1250  ( Metal1 )
Bounds : ( 173.600, 15.140 ) ( 175.000, 15.260 )


SHORT: ( Metal Short ) Special Wire of Net VDD & Pin of Cell mult_add_55_36_g1250  ( Metal1 )
Bounds : ( 173.600, 13.430 ) ( 175.000, 13.550 )


SHORT: ( Metal Short ) Special Wire of Net VDD & Pin of Cell mult_mid_sum_reg_reg[20]  ( Metal1 )
Bounds : ( 173.000, 23.690 ) ( 180.200, 23.810 )


SHORT: ( Metal Short ) Special Wire of Net VDD & Pin of Cell mult_add_55_36_g1267  ( Metal1 )
Bounds : ( 172.000, 13.430 ) ( 173.200, 13.550 )


SHORT: ( Metal Short ) Special Wire of Net VSS & Pin of Cell g104732  ( Metal1 )
Bounds : ( 165.800, 52.760 ) ( 166.600, 52.880 )


SHORT: ( Metal Short ) Special Wire of Net VSS & Pin of Cell mult_mult16_hh_mult8_hl_p_lh_reg_reg[4]  ( Metal1 )
Bounds : ( 165.200, 45.920 ) ( 169.000, 46.040 )


SHORT: ( Metal Short ) Special Wire of Net VSS & Pin of Cell g105563  ( Metal1 )
Bounds : ( 164.000, 45.920 ) ( 164.800, 46.040 )


SHORT: ( Metal Short ) Special Wire of Net VDD & Pin of Cell g104848  ( Metal1 )
Bounds : ( 162.400, 54.470 ) ( 165.600, 54.590 )


SHORT: ( Metal Short ) Special Wire of Net VSS & Pin of Cell g106530  ( Metal1 )
Bounds : ( 159.400, 45.920 ) ( 163.400, 46.040 )


SHORT: ( Metal Short ) Special Wire of Net VDD & Pin of Cell g105320  ( Metal1 )
Bounds : ( 159.400, 44.210 ) ( 169.000, 44.330 )


SHORT: ( Metal Short ) Special Wire of Net VSS & Pin of Cell g105520  ( Metal1 )
Bounds : ( 158.800, 49.340 ) ( 163.000, 49.460 )


SHORT: ( Metal Short ) Special Wire of Net VDD & Pin of Cell g106315  ( Metal1 )
Bounds : ( 158.600, 54.470 ) ( 162.200, 54.590 )


SHORT: ( Metal Short ) Special Wire of Net VSS & Pin of Cell g104950  ( Metal1 )
Bounds : ( 157.800, 56.180 ) ( 166.600, 56.300 )


SHORT: ( Metal Short ) Special Wire of Net VDD & Pin of Cell g108003  ( Metal1 )
Bounds : ( 157.800, 54.470 ) ( 158.400, 54.590 )


SHORT: ( Metal Short ) Special Wire of Net VSS & Pin of Cell g107977  ( Metal1 )
Bounds : ( 157.800, 49.340 ) ( 158.600, 49.460 )


SHORT: ( Metal Short ) Special Wire of Net VDD & Pin of Cell g104605  ( Metal1 )
Bounds : ( 166.000, 54.470 ) ( 166.600, 54.590 )


SHORT: ( Metal Short ) Special Wire of Net VSS & Pin of Cell csa_tree_ADD_TC_OP_3_groupi509_g511  ( Metal1 )
Bounds : ( 167.200, 56.180 ) ( 168.800, 56.300 )


SHORT: ( Metal Short ) Special Wire of Net VDD & Pin of Cell csa_tree_ADD_TC_OP_3_groupi509_g499  ( Metal1 )
Bounds : ( 169.600, 44.210 ) ( 171.000, 44.330 )


SHORT: ( Metal Short ) Special Wire of Net VDD & Pin of Cell g105350  ( Metal1 )
Bounds : ( 143.400, 47.630 ) ( 153.800, 47.750 )


SHORT: ( Metal Short ) Special Wire of Net VSS & Pin of Cell g106253  ( Metal1 )
Bounds : ( 144.600, 45.920 ) ( 145.800, 46.040 )


SHORT: ( Metal Short ) Special Wire of Net VSS & Pin of Cell g104972  ( Metal1 )
Bounds : ( 146.200, 45.920 ) ( 151.800, 46.040 )


SHORT: ( Metal Short ) Special Wire of Net VDD & Pin of Cell g108496  ( Metal1 )
Bounds : ( 146.200, 51.050 ) ( 147.800, 51.170 )


SHORT: ( Metal Short ) Special Wire of Net VSS & Pin of Cell g108496  ( Metal1 )
Bounds : ( 146.200, 52.760 ) ( 147.800, 52.880 )


SHORT: ( Metal Short ) Special Wire of Net VSS & Pin of Cell g105751  ( Metal1 )
Bounds : ( 148.800, 56.180 ) ( 156.600, 56.300 )


SHORT: ( Metal Short ) Special Wire of Net VSS & Pin of Cell g106196  ( Metal1 )
Bounds : ( 148.000, 52.760 ) ( 165.600, 52.880 )


SHORT: ( Metal Short ) Special Wire of Net VDD & Pin of Cell g107868  ( Metal1 )
Bounds : ( 148.000, 51.050 ) ( 165.600, 51.170 )


SHORT: ( Metal Short ) Special Wire of Net VDD & Pin of Cell g106923  ( Metal1 )
Bounds : ( 151.000, 54.470 ) ( 157.600, 54.590 )


SHORT: ( Metal Short ) Special Wire of Net VSS & Pin of Cell g105715  ( Metal1 )
Bounds : ( 150.000, 49.340 ) ( 157.600, 49.460 )


SHORT: ( Metal Short ) Special Wire of Net VSS & Pin of Cell csa_tree_ADD_TC_OP_3_groupi509_cdnfadd_003_0  ( Metal1 )
Bounds : ( 152.600, 45.920 ) ( 159.200, 46.040 )


SHORT: ( Metal Short ) Special Wire of Net VDD & Pin of Cell mult_mult16_hh_mult8_hl_p_lh_reg_reg[3]  ( Metal1 )
Bounds : ( 154.400, 47.630 ) ( 158.800, 47.750 )


SHORT: ( Metal Short ) Special Wire of Net VSS & Pin of Cell g108312  ( Metal1 )
Bounds : ( 157.000, 56.180 ) ( 157.600, 56.300 )


SHORT: ( Metal Short ) Special Wire of Net VDD & Pin of Cell mult_mult16_hh_mult8_hl_p_hl_reg_reg[3]  ( Metal1 )
Bounds : ( 144.600, 44.210 ) ( 159.200, 44.330 )


SHORT: ( Metal Short ) Special Wire of Net VDD & Pin of Cell g106112  ( Metal1 )
Bounds : ( 163.000, 40.790 ) ( 164.200, 40.910 )


SHORT: ( Metal Short ) Special Wire of Net VSS & Pin of Cell g104626  ( Metal1 )
Bounds : ( 162.800, 35.660 ) ( 163.400, 35.780 )


SHORT: ( Metal Short ) Special Wire of Net VSS & Pin of Cell g104836  ( Metal1 )
Bounds : ( 162.800, 28.820 ) ( 163.600, 28.940 )


SHORT: ( Metal Short ) Special Wire of Net VSS & Pin of Cell g104839  ( Metal1 )
Bounds : ( 160.800, 42.500 ) ( 168.800, 42.620 )


SHORT: ( Metal Short ) Special Wire of Net VDD & Pin of Cell g105595  ( Metal1 )
Bounds : ( 159.200, 37.370 ) ( 163.200, 37.490 )


SHORT: ( Metal Short ) Special Wire of Net VSS & Pin of Cell g104745  ( Metal1 )
Bounds : ( 159.200, 35.660 ) ( 162.600, 35.780 )


SHORT: ( Metal Short ) Special Wire of Net VSS & Pin of Cell g106671  ( Metal1 )
Bounds : ( 159.000, 42.500 ) ( 160.600, 42.620 )


SHORT: ( Metal Short ) Special Wire of Net VSS & Pin of Cell g105757  ( Metal1 )
Bounds : ( 158.600, 28.820 ) ( 162.600, 28.940 )


SHORT: ( Metal Short ) Special Wire of Net VSS & Pin of Cell csa_tree_ADD_TC_OP_3_groupi509_cdnfadd_007_0  ( Metal1 )
Bounds : ( 158.200, 32.240 ) ( 171.600, 32.360 )


SHORT: ( Metal Short ) Special Wire of Net VSS & Pin of Cell g104758  ( Metal1 )
Bounds : ( 163.600, 35.660 ) ( 164.200, 35.780 )


SHORT: ( Metal Short ) Special Wire of Net VDD & Pin of Cell g104758  ( Metal1 )
Bounds : ( 163.600, 37.370 ) ( 169.400, 37.490 )


SHORT: ( Metal Short ) Special Wire of Net VSS & Pin of Cell mult_mult16_hh_mult8_hl_p_hh_reg_reg[3]  ( Metal1 )
Bounds : ( 164.200, 28.820 ) ( 167.800, 28.940 )


SHORT: ( Metal Short ) Special Wire of Net VDD & Pin of Cell mult_mult16_hh_mult8_hl_p_lh_reg_reg[5]  ( Metal1 )
Bounds : ( 164.400, 40.790 ) ( 169.600, 40.910 )


SHORT: ( Metal Short ) Special Wire of Net VSS & Pin of Cell mult_mult16_hh_mult8_hl_p_hl_reg_reg[5]  ( Metal1 )
Bounds : ( 164.600, 35.660 ) ( 168.200, 35.780 )


SHORT: ( Metal Short ) Special Wire of Net VSS & Pin of Cell mult_mult16_hh_mult8_hl_p_lh_reg_reg[5]  ( Metal1 )
Bounds : ( 165.800, 39.080 ) ( 169.400, 39.200 )


SHORT: ( Metal Short ) Special Wire of Net VSS & Pin of Cell csa_tree_ADD_TC_OP_3_groupi509_g510  ( Metal1 )
Bounds : ( 168.600, 35.660 ) ( 169.400, 35.780 )


SHORT: ( Metal Short ) Special Wire of Net VDD & Pin of Cell csa_tree_ADD_TC_OP_3_groupi509_g487  ( Metal1 )
Bounds : ( 169.600, 33.950 ) ( 170.200, 34.070 )


SHORT: ( Metal Short ) Special Wire of Net VSS & Pin of Cell csa_tree_ADD_TC_OP_3_groupi509_g487  ( Metal1 )
Bounds : ( 169.600, 35.660 ) ( 170.200, 35.780 )


SHORT: ( Metal Short ) Special Wire of Net VDD & Pin of Cell csa_tree_ADD_TC_OP_3_groupi509_g500  ( Metal1 )
Bounds : ( 169.600, 37.370 ) ( 170.200, 37.490 )


SHORT: ( Metal Short ) Special Wire of Net VDD & Pin of Cell csa_tree_ADD_TC_OP_3_groupi509_g494  ( Metal1 )
Bounds : ( 169.800, 40.790 ) ( 170.600, 40.910 )


SHORT: ( Metal Short ) Special Wire of Net VDD & Pin of Cell csa_tree_ADD_TC_OP_3_groupi509_g480  ( Metal1 )
Bounds : ( 170.600, 33.950 ) ( 171.400, 34.070 )


SHORT: ( Metal Short ) Special Wire of Net VDD & Pin of Cell g104623  ( Metal1 )
Bounds : ( 155.000, 40.790 ) ( 157.200, 40.910 )


SHORT: ( Metal Short ) Special Wire of Net VSS & Pin of Cell g104893  ( Metal1 )
Bounds : ( 153.800, 35.660 ) ( 155.200, 35.780 )


SHORT: ( Metal Short ) Special Wire of Net VDD & Pin of Cell g106217  ( Metal1 )
Bounds : ( 145.200, 40.790 ) ( 154.800, 40.910 )


SHORT: ( Metal Short ) Special Wire of Net VDD & Pin of Cell g107107  ( Metal1 )
Bounds : ( 146.000, 33.950 ) ( 153.600, 34.070 )


SHORT: ( Metal Short ) Special Wire of Net VSS & Pin of Cell g106452  ( Metal1 )
Bounds : ( 146.800, 35.660 ) ( 150.200, 35.780 )


SHORT: ( Metal Short ) Special Wire of Net VSS & Pin of Cell g106312  ( Metal1 )
Bounds : ( 150.400, 35.660 ) ( 153.600, 35.780 )


SHORT: ( Metal Short ) Special Wire of Net VSS & Pin of Cell g106115  ( Metal1 )
Bounds : ( 151.800, 32.240 ) ( 152.800, 32.360 )


SHORT: ( Metal Short ) Special Wire of Net VDD & Pin of Cell g106299  ( Metal1 )
Bounds : ( 153.000, 30.530 ) ( 155.000, 30.650 )


SHORT: ( Metal Short ) Special Wire of Net VDD & Pin of Cell g104720  ( Metal1 )
Bounds : ( 149.000, 37.370 ) ( 158.800, 37.490 )


SHORT: ( Metal Short ) Special Wire of Net VSS & Pin of Cell g105226  ( Metal1 )
Bounds : ( 153.000, 32.240 ) ( 157.800, 32.360 )


SHORT: ( Metal Short ) Special Wire of Net VDD & Pin of Cell mult_mult16_hh_mult8_hl_p_hl_reg_reg[6]  ( Metal1 )
Bounds : ( 153.800, 33.950 ) ( 169.200, 34.070 )


SHORT: ( Metal Short ) Special Wire of Net VDD & Pin of Cell g105578  ( Metal1 )
Bounds : ( 155.600, 30.530 ) ( 158.000, 30.650 )


SHORT: ( Metal Short ) Special Wire of Net VSS & Pin of Cell g105699  ( Metal1 )
Bounds : ( 155.600, 35.660 ) ( 158.800, 35.780 )


SHORT: ( Metal Short ) Special Wire of Net VDD & Pin of Cell g106948  ( Metal1 )
Bounds : ( 157.400, 40.790 ) ( 162.800, 40.910 )


SHORT: ( Metal Short ) Special Wire of Net VSS & Pin of Cell g105761  ( Metal1 )
Bounds : ( 147.400, 39.080 ) ( 165.600, 39.200 )


SHORT: ( Metal Short ) Special Wire of Net VSS & Pin of Cell g104847  ( Metal1 )
Bounds : ( 134.200, 39.080 ) ( 135.000, 39.200 )


SHORT: ( Metal Short ) Special Wire of Net VSS & Pin of Cell g106004  ( Metal1 )
Bounds : ( 133.800, 45.920 ) ( 136.600, 46.040 )


SHORT: ( Metal Short ) Special Wire of Net VDD & Pin of Cell g105772  ( Metal1 )
Bounds : ( 133.800, 44.210 ) ( 135.200, 44.330 )


SHORT: ( Metal Short ) Special Wire of Net VSS & Pin of Cell g104846  ( Metal1 )
Bounds : ( 133.200, 39.080 ) ( 134.000, 39.200 )


SHORT: ( Metal Short ) Special Wire of Net VSS & Pin of Cell g104782  ( Metal1 )
Bounds : ( 131.600, 39.080 ) ( 133.000, 39.200 )


SHORT: ( Metal Short ) Special Wire of Net VDD & Pin of Cell g108487  ( Metal1 )
Bounds : ( 131.400, 51.050 ) ( 141.000, 51.170 )


SHORT: ( Metal Short ) Special Wire of Net VDD & Pin of Cell mult_mult16_lh_mult8_hh_p_lh_reg_reg[7]  ( Metal1 )
Bounds : ( 131.400, 37.370 ) ( 135.000, 37.490 )


SHORT: ( Metal Short ) Special Wire of Net VSS & Pin of Cell g106507  ( Metal1 )
Bounds : ( 129.400, 45.920 ) ( 133.600, 46.040 )


SHORT: ( Metal Short ) Special Wire of Net VDD & Pin of Cell g105926  ( Metal1 )
Bounds : ( 129.400, 44.210 ) ( 133.600, 44.330 )


SHORT: ( Metal Short ) Special Wire of Net VDD & Pin of Cell g107937  ( Metal1 )
Bounds : ( 127.400, 47.630 ) ( 128.000, 47.750 )


SHORT: ( Metal Short ) Special Wire of Net VDD & Pin of Cell g107709  ( Metal1 )
Bounds : ( 126.600, 47.630 ) ( 127.200, 47.750 )


SHORT: ( Metal Short ) Special Wire of Net VSS & Pin of Cell g106900  ( Metal1 )
Bounds : ( 126.600, 45.920 ) ( 129.000, 46.040 )


SHORT: ( Metal Short ) Special Wire of Net VDD & Pin of Cell mult_mult16_lh_mult8_hh_p_lh_reg_reg[2]  ( Metal1 )
Bounds : ( 125.600, 44.210 ) ( 129.200, 44.330 )


SHORT: ( Metal Short ) Special Wire of Net VDD & Pin of Cell csa_tree_ADD_TC_OP_3_groupi500_g498  ( Metal1 )
Bounds : ( 124.400, 37.370 ) ( 131.200, 37.490 )


SHORT: ( Metal Short ) Special Wire of Net VSS & Pin of Cell g104946  ( Metal1 )
Bounds : ( 123.400, 52.760 ) ( 134.400, 52.880 )


SHORT: ( Metal Short ) Special Wire of Net VDD & Pin of Cell csa_tree_ADD_TC_OP_3_groupi500_g476  ( Metal1 )
Bounds : ( 123.400, 37.370 ) ( 124.200, 37.490 )


SHORT: ( Metal Short ) Special Wire of Net VDD & Pin of Cell csa_tree_ADD_TC_OP_3_groupi500_g499  ( Metal1 )
Bounds : ( 121.800, 30.530 ) ( 136.600, 30.650 )


SHORT: ( Metal Short ) Special Wire of Net VSS & Pin of Cell g105103  ( Metal1 )
Bounds : ( 121.600, 52.760 ) ( 123.200, 52.880 )


SHORT: ( Metal Short ) Special Wire of Net VDD & Pin of Cell g106186  ( Metal1 )
Bounds : ( 115.400, 47.630 ) ( 118.400, 47.750 )


SHORT: ( Metal Short ) Special Wire of Net VDD & Pin of Cell mult_mult16_lh_p_hh_reg_reg[4]  ( Metal1 )
Bounds : ( 117.600, 30.530 ) ( 121.400, 30.650 )


SHORT: ( Metal Short ) Special Wire of Net VDD & Pin of Cell g105090  ( Metal1 )
Bounds : ( 118.400, 44.210 ) ( 125.200, 44.330 )


SHORT: ( Metal Short ) Special Wire of Net VDD & Pin of Cell mult_mult16_lh_mult8_hh_p_hl_reg_reg[0]  ( Metal1 )
Bounds : ( 118.600, 47.630 ) ( 126.200, 47.750 )


SHORT: ( Metal Short ) Special Wire of Net VSS & Pin of Cell g106061  ( Metal1 )
Bounds : ( 120.400, 52.760 ) ( 121.400, 52.880 )


SHORT: ( Metal Short ) Special Wire of Net VSS & Pin of Cell csa_tree_ADD_TC_OP_3_groupi500_cdnfadd_004_0  ( Metal1 )
Bounds : ( 125.600, 32.240 ) ( 136.600, 32.360 )


SHORT: ( Metal Short ) Special Wire of Net VDD & Pin of Cell g104741  ( Metal1 )
Bounds : ( 135.400, 37.370 ) ( 138.000, 37.490 )


SHORT: ( Metal Short ) Special Wire of Net VDD & Pin of Cell g105597  ( Metal1 )
Bounds : ( 135.400, 44.210 ) ( 136.600, 44.330 )


SHORT: ( Metal Short ) Special Wire of Net VSS & Pin of Cell csa_tree_ADD_TC_OP_3_groupi500_g489  ( Metal1 )
Bounds : ( 137.000, 28.820 ) ( 140.400, 28.940 )


SHORT: ( Metal Short ) Special Wire of Net VDD & Pin of Cell mult_mult16_lh_mult8_hh_p_lh_reg_reg[6]  ( Metal1 )
Bounds : ( 138.200, 37.370 ) ( 142.400, 37.490 )


SHORT: ( Metal Short ) Special Wire of Net VDD & Pin of Cell g108481  ( Metal1 )
Bounds : ( 118.200, 54.470 ) ( 150.800, 54.590 )


SHORT: ( Metal Short ) Special Wire of Net VDD & Pin of Cell mult_mult16_lh_mult8_hh_p_ll_reg_reg[5]  ( Metal1 )
Bounds : ( 114.800, 40.790 ) ( 145.000, 40.910 )


SHORT: ( Metal Short ) Special Wire of Net VDD & Pin of Cell mult_mult16_lh_mult8_hh_p_ll_reg_reg[2]  ( Metal1 )
Bounds : ( 124.000, 33.950 ) ( 145.800, 34.070 )


SHORT: ( Metal Short ) Special Wire of Net VSS & Pin of Cell csa_tree_ADD_TC_OP_3_groupi500_cdnfadd_003_0  ( Metal1 )
Bounds : ( 124.200, 35.660 ) ( 146.600, 35.780 )


SHORT: ( Metal Short ) Special Wire of Net VDD & Pin of Cell g106902  ( Metal1 )
Bounds : ( 128.400, 47.630 ) ( 143.200, 47.750 )


SHORT: ( Metal Short ) Special Wire of Net VSS & Pin of Cell g108123  ( Metal1 )
Bounds : ( 134.800, 52.760 ) ( 145.800, 52.880 )


SHORT: ( Metal Short ) Special Wire of Net VSS & Pin of Cell g106529  ( Metal1 )
Bounds : ( 135.400, 39.080 ) ( 147.000, 39.200 )


SHORT: ( Metal Short ) Special Wire of Net VDD & Pin of Cell g106006  ( Metal1 )
Bounds : ( 136.800, 44.210 ) ( 144.400, 44.330 )


SHORT: ( Metal Short ) Special Wire of Net VSS & Pin of Cell g105316  ( Metal1 )
Bounds : ( 136.800, 45.920 ) ( 144.400, 46.040 )


SHORT: ( Metal Short ) Special Wire of Net VDD & Pin of Cell csa_tree_ADD_TC_OP_3_groupi500_g497  ( Metal1 )
Bounds : ( 137.000, 30.530 ) ( 152.800, 30.650 )


SHORT: ( Metal Short ) Special Wire of Net VSS & Pin of Cell g108268  ( Metal1 )
Bounds : ( 137.000, 32.240 ) ( 151.600, 32.360 )


SHORT: ( Metal Short ) Special Wire of Net VSS & Pin of Cell csa_tree_ADD_TC_OP_3_groupi500_g480  ( Metal1 )
Bounds : ( 140.600, 28.820 ) ( 158.000, 28.940 )


SHORT: ( Metal Short ) Special Wire of Net VDD & Pin of Cell g106170  ( Metal1 )
Bounds : ( 141.200, 51.050 ) ( 145.800, 51.170 )


SHORT: ( Metal Short ) Special Wire of Net VDD & Pin of Cell g108126  ( Metal1 )
Bounds : ( 142.800, 37.370 ) ( 148.800, 37.490 )


SHORT: ( Metal Short ) Special Wire of Net VSS & Pin of Cell g105998  ( Metal1 )
Bounds : ( 142.800, 56.180 ) ( 148.600, 56.300 )


SHORT: ( Metal Short ) Special Wire of Net VSS & Pin of Cell mult_add_55_36_g1261  ( Metal1 )
Bounds : ( 167.800, 25.400 ) ( 169.600, 25.520 )


SHORT: ( Metal Short ) Special Wire of Net VDD & Pin of Cell mult_add_55_36_g1333  ( Metal1 )
Bounds : ( 167.800, 23.690 ) ( 171.200, 23.810 )


SHORT: ( Metal Short ) Special Wire of Net VSS & Pin of Cell mult_add_55_36_g1322  ( Metal1 )
Bounds : ( 166.200, 21.980 ) ( 171.400, 22.100 )


SHORT: ( Metal Short ) Special Wire of Net VDD & Pin of Cell mult_add_55_36_g1409  ( Metal1 )
Bounds : ( 166.000, 20.270 ) ( 167.800, 20.390 )


SHORT: ( Metal Short ) Special Wire of Net VDD & Pin of Cell mult_add_55_36_g1335  ( Metal1 )
Bounds : ( 165.400, 16.850 ) ( 168.800, 16.970 )


SHORT: ( Metal Short ) Special Wire of Net VSS & Pin of Cell mult_add_55_36_g1433  ( Metal1 )
Bounds : ( 165.200, 18.560 ) ( 168.800, 18.680 )


SHORT: ( Metal Short ) Special Wire of Net VDD & Pin of Cell mult_add_55_36_g1328  ( Metal1 )
Bounds : ( 164.400, 23.690 ) ( 167.600, 23.810 )


SHORT: ( Metal Short ) Special Wire of Net VSS & Pin of Cell mult_add_55_36_g1405  ( Metal1 )
Bounds : ( 162.600, 25.400 ) ( 167.600, 25.520 )


SHORT: ( Metal Short ) Special Wire of Net VDD & Pin of Cell mult_add_55_36_g1256  ( Metal1 )
Bounds : ( 162.600, 23.690 ) ( 164.000, 23.810 )


SHORT: ( Metal Short ) Special Wire of Net VDD & Pin of Cell mult_add_55_36_g1465  ( Metal1 )
Bounds : ( 160.600, 20.270 ) ( 165.800, 20.390 )


SHORT: ( Metal Short ) Special Wire of Net VDD & Pin of Cell mult_mult16_lh_p_hh_reg_d1_reg[15]  ( Metal1 )
Bounds : ( 158.600, 27.110 ) ( 169.600, 27.230 )


SHORT: ( Metal Short ) Special Wire of Net VSS & Pin of Cell csa_tree_ADD_TC_OP_2_groupi501_g1010  ( Metal1 )
Bounds : ( 158.000, 21.980 ) ( 166.000, 22.100 )


SHORT: ( Metal Short ) Special Wire of Net VSS & Pin of Cell mult_add_55_36_g1350  ( Metal1 )
Bounds : ( 168.000, 15.140 ) ( 169.600, 15.260 )


SHORT: ( Metal Short ) Special Wire of Net VSS & Pin of Cell csa_tree_ADD_TC_OP_3_groupi500_g458  ( Metal1 )
Bounds : ( 145.000, 25.400 ) ( 149.400, 25.520 )


SHORT: ( Metal Short ) Special Wire of Net VDD & Pin of Cell csa_tree_ADD_TC_OP_3_groupi500_g457  ( Metal1 )
Bounds : ( 147.600, 27.110 ) ( 149.000, 27.230 )


SHORT: ( Metal Short ) Special Wire of Net VDD & Pin of Cell mult_mult16_lh_p_hh_reg_reg[13]  ( Metal1 )
Bounds : ( 149.200, 27.110 ) ( 154.000, 27.230 )


SHORT: ( Metal Short ) Special Wire of Net VDD & Pin of Cell mult_mult16_lh_p_hh_reg_reg[12]  ( Metal1 )
Bounds : ( 149.800, 23.690 ) ( 153.400, 23.810 )


SHORT: ( Metal Short ) Special Wire of Net VSS & Pin of Cell mult_mult16_lh_p_hh_reg_reg[14]  ( Metal1 )
Bounds : ( 149.800, 25.400 ) ( 153.600, 25.520 )


SHORT: ( Metal Short ) Special Wire of Net VSS & Pin of Cell csa_tree_ADD_TC_OP_2_groupi501_g1075  ( Metal1 )
Bounds : ( 150.200, 15.140 ) ( 152.000, 15.260 )


SHORT: ( Metal Short ) Special Wire of Net VDD & Pin of Cell csa_tree_ADD_TC_OP_2_groupi501_g1103  ( Metal1 )
Bounds : ( 150.200, 16.850 ) ( 150.800, 16.970 )


SHORT: ( Metal Short ) Special Wire of Net VDD & Pin of Cell mult_mult16_lh_p_hh_reg_reg[15]  ( Metal1 )
Bounds : ( 154.400, 27.110 ) ( 158.000, 27.230 )


SHORT: ( Metal Short ) Special Wire of Net VSS & Pin of Cell mult_mult16_lh_p_hh_reg_d1_reg[13]  ( Metal1 )
Bounds : ( 153.800, 25.400 ) ( 162.400, 25.520 )


SHORT: ( Metal Short ) Special Wire of Net VDD & Pin of Cell mult_mult16_lh_p_hh_reg_d1_reg[12]  ( Metal1 )
Bounds : ( 153.800, 23.690 ) ( 162.400, 23.810 )


SHORT: ( Metal Short ) Special Wire of Net VDD & Pin of Cell mult_mult16_lh_p_hh_reg_d1_reg[11]  ( Metal1 )
Bounds : ( 153.000, 20.270 ) ( 160.400, 20.390 )


SHORT: ( Metal Short ) Special Wire of Net VSS & Pin of Cell csa_tree_ADD_TC_OP_2_groupi501_g1084  ( Metal1 )
Bounds : ( 152.400, 15.140 ) ( 167.800, 15.260 )


SHORT: ( Metal Short ) Special Wire of Net VDD & Pin of Cell mult_add_55_36_g1449  ( Metal1 )
Bounds : ( 151.200, 16.850 ) ( 165.200, 16.970 )


SHORT: ( Metal Short ) Special Wire of Net VSS & Pin of Cell csa_tree_ADD_TC_OP_2_groupi501_g1110  ( Metal1 )
Bounds : ( 149.200, 21.980 ) ( 157.800, 22.100 )


SHORT: ( Metal Short ) Special Wire of Net VDD & Pin of Cell csa_tree_ADD_TC_OP_2_groupi501_g1019  ( Metal1 )
Bounds : ( 157.000, 13.430 ) ( 158.000, 13.550 )


SHORT: ( Metal Short ) Special Wire of Net VSS & Pin of Cell csa_tree_ADD_TC_OP_2_groupi501_g1000  ( Metal1 )
Bounds : ( 157.000, 11.720 ) ( 158.400, 11.840 )


SHORT: ( Metal Short ) Special Wire of Net VDD & Pin of Cell csa_tree_ADD_TC_OP_2_groupi501_g1000  ( Metal1 )
Bounds : ( 157.000, 10.010 ) ( 158.400, 10.130 )


SHORT: ( Metal Short ) Special Wire of Net VDD & Pin of Cell csa_tree_ADD_TC_OP_2_groupi501_g1009  ( Metal1 )
Bounds : ( 154.600, 13.430 ) ( 156.600, 13.550 )


SHORT: ( Metal Short ) Special Wire of Net VDD & Pin of Cell mult_p_hl_reg_reg[25]  ( Metal1 )
Bounds : ( 152.400, 10.010 ) ( 156.000, 10.130 )


SHORT: ( Metal Short ) Special Wire of Net VDD & Pin of Cell mult_p_hl_reg_reg[26]  ( Metal1 )
Bounds : ( 150.000, 13.430 ) ( 153.600, 13.550 )


SHORT: ( Metal Short ) Special Wire of Net VDD & Pin of Cell mult_p_hl_reg_reg[30]  ( Metal1 )
Bounds : ( 148.400, 10.010 ) ( 152.000, 10.130 )


SHORT: ( Metal Short ) Special Wire of Net VDD & Pin of Cell mult_p_hl_reg_reg[24]  ( Metal1 )
Bounds : ( 145.400, 13.430 ) ( 149.200, 13.550 )


SHORT: ( Metal Short ) Special Wire of Net VSS & Pin of Cell mult_p_hl_reg_reg[27]  ( Metal1 )
Bounds : ( 144.000, 11.720 ) ( 156.600, 11.840 )


SHORT: ( Metal Short ) Special Wire of Net VDD & Pin of Cell mult_p_hl_reg_reg[27]  ( Metal1 )
Bounds : ( 144.000, 10.010 ) ( 147.600, 10.130 )


SHORT: ( Metal Short ) Special Wire of Net VDD & Pin of Cell mult_p_lh_reg_reg[26]  ( Metal1 )
Bounds : ( 158.600, 13.430 ) ( 163.400, 13.550 )


SHORT: ( Metal Short ) Special Wire of Net VDD & Pin of Cell mult_p_lh_reg_reg[27]  ( Metal1 )
Bounds : ( 159.400, 10.010 ) ( 163.000, 10.130 )


SHORT: ( Metal Short ) Special Wire of Net VSS & Pin of Cell mult_p_lh_reg_reg[27]  ( Metal1 )
Bounds : ( 159.400, 11.720 ) ( 163.200, 11.840 )


SHORT: ( Metal Short ) Special Wire of Net VDD & Pin of Cell mult_add_55_36_g1460  ( Metal1 )
Bounds : ( 163.600, 13.430 ) ( 164.200, 13.550 )


SHORT: ( Metal Short ) Special Wire of Net VSS & Pin of Cell mult_add_55_36_g1466  ( Metal1 )
Bounds : ( 164.400, 11.720 ) ( 165.000, 11.840 )


SHORT: ( Metal Short ) Special Wire of Net VDD & Pin of Cell mult_add_55_36_g1466  ( Metal1 )
Bounds : ( 164.400, 13.430 ) ( 166.000, 13.550 )


SHORT: ( Metal Short ) Special Wire of Net VSS & Pin of Cell mult_add_55_36_g1452  ( Metal1 )
Bounds : ( 165.200, 11.720 ) ( 165.800, 11.840 )


SHORT: ( Metal Short ) Special Wire of Net VDD & Pin of Cell mult_add_55_36_g1456  ( Metal1 )
Bounds : ( 166.200, 10.010 ) ( 167.400, 10.130 )


SHORT: ( Metal Short ) Special Wire of Net VSS & Pin of Cell mult_add_55_36_g1456  ( Metal1 )
Bounds : ( 166.200, 11.720 ) ( 167.600, 11.840 )


SHORT: ( Metal Short ) Special Wire of Net VDD & Pin of Cell mult_add_55_36_g1345  ( Metal1 )
Bounds : ( 166.200, 13.430 ) ( 167.800, 13.550 )


SHORT: ( Metal Short ) Special Wire of Net VSS & Pin of Cell mult_add_55_36_g1426  ( Metal1 )
Bounds : ( 168.000, 11.720 ) ( 169.400, 11.840 )


SHORT: ( Metal Short ) Special Wire of Net VDD & Pin of Cell mult_add_55_36_g1426  ( Metal1 )
Bounds : ( 168.000, 13.430 ) ( 169.600, 13.550 )


SHORT: ( Metal Short ) Special Wire of Net VSS & Pin of Cell mult_add_55_36_g1436  ( Metal1 )
Bounds : ( 169.800, 11.720 ) ( 170.600, 11.840 )


SHORT: ( Metal Short ) Special Wire of Net VDD & Pin of Cell mult_add_55_36_g1436  ( Metal1 )
Bounds : ( 169.800, 13.430 ) ( 171.000, 13.550 )


SHORT: ( Metal Short ) Special Wire of Net VDD & Pin of Cell mult_add_55_36_g1360  ( Metal1 )
Bounds : ( 171.200, 13.430 ) ( 171.600, 13.550 )


SHORT: ( Metal Short ) Special Wire of Net VSS & Pin of Cell mult_mult16_lh_add_196_36_g475  ( Metal1 )
Bounds : ( 119.400, 21.980 ) ( 120.400, 22.100 )


SHORT: ( Metal Short ) Special Wire of Net VDD & Pin of Cell mult_mult16_lh_add_196_36_g514  ( Metal1 )
Bounds : ( 118.400, 23.690 ) ( 126.000, 23.810 )


SHORT: ( Metal Short ) Special Wire of Net VSS & Pin of Cell csa_tree_ADD_TC_OP_2_groupi501_g1074  ( Metal1 )
Bounds : ( 118.200, 25.400 ) ( 136.200, 25.520 )


SHORT: ( Metal Short ) Special Wire of Net VDD & Pin of Cell mult_mult16_lh_p_hh_reg_d1_reg[7]  ( Metal1 )
Bounds : ( 117.600, 16.850 ) ( 126.600, 16.970 )


SHORT: ( Metal Short ) Special Wire of Net VSS & Pin of Cell mult_mult16_lh_add_196_36_g421  ( Metal1 )
Bounds : ( 116.600, 25.400 ) ( 118.000, 25.520 )


SHORT: ( Metal Short ) Special Wire of Net VDD & Pin of Cell mult_mult16_lh_add_196_36_g407  ( Metal1 )
Bounds : ( 116.600, 23.690 ) ( 118.000, 23.810 )


SHORT: ( Metal Short ) Special Wire of Net VSS & Pin of Cell mult_mult16_lh_add_196_36_g444  ( Metal1 )
Bounds : ( 115.400, 25.400 ) ( 116.400, 25.520 )


SHORT: ( Metal Short ) Special Wire of Net VDD & Pin of Cell mult_mult16_lh_p_hh_reg_d1_reg[0]  ( Metal1 )
Bounds : ( 115.200, 27.110 ) ( 141.600, 27.230 )


SHORT: ( Metal Short ) Special Wire of Net VSS & Pin of Cell csa_tree_ADD_TC_OP_2_groupi501_g1088  ( Metal1 )
Bounds : ( 115.000, 18.560 ) ( 136.600, 18.680 )


SHORT: ( Metal Short ) Special Wire of Net VSS & Pin of Cell mult_mult16_lh_mid_sum_reg_reg[10]  ( Metal1 )
Bounds : ( 120.600, 21.980 ) ( 124.400, 22.100 )


SHORT: ( Metal Short ) Special Wire of Net VSS & Pin of Cell csa_tree_ADD_TC_OP_2_groupi501_g1099  ( Metal1 )
Bounds : ( 125.200, 21.980 ) ( 125.800, 22.100 )


SHORT: ( Metal Short ) Special Wire of Net VSS & Pin of Cell csa_tree_ADD_TC_OP_2_groupi501_g1071  ( Metal1 )
Bounds : ( 126.400, 21.980 ) ( 127.200, 22.100 )


SHORT: ( Metal Short ) Special Wire of Net VDD & Pin of Cell csa_tree_ADD_TC_OP_2_groupi501_g1096  ( Metal1 )
Bounds : ( 126.400, 23.690 ) ( 127.000, 23.810 )


SHORT: ( Metal Short ) Special Wire of Net VDD & Pin of Cell csa_tree_ADD_TC_OP_2_groupi501_g1058  ( Metal1 )
Bounds : ( 127.200, 23.690 ) ( 131.000, 23.810 )


SHORT: ( Metal Short ) Special Wire of Net VDD & Pin of Cell csa_tree_ADD_TC_OP_2_groupi501_g1029  ( Metal1 )
Bounds : ( 127.400, 20.270 ) ( 128.400, 20.390 )


SHORT: ( Metal Short ) Special Wire of Net VSS & Pin of Cell csa_tree_ADD_TC_OP_2_groupi501_g1105  ( Metal1 )
Bounds : ( 127.400, 21.980 ) ( 131.000, 22.100 )


SHORT: ( Metal Short ) Special Wire of Net VDD & Pin of Cell mult_add_55_36_g1503  ( Metal1 )
Bounds : ( 128.600, 20.270 ) ( 139.800, 20.390 )


SHORT: ( Metal Short ) Special Wire of Net VSS & Pin of Cell csa_tree_ADD_TC_OP_2_groupi501_g1083  ( Metal1 )
Bounds : ( 131.200, 21.980 ) ( 132.000, 22.100 )


SHORT: ( Metal Short ) Special Wire of Net VDD & Pin of Cell csa_tree_ADD_TC_OP_2_groupi501_g1083  ( Metal1 )
Bounds : ( 131.200, 23.690 ) ( 132.000, 23.810 )


SHORT: ( Metal Short ) Special Wire of Net VSS & Pin of Cell mult_p_lh_reg_reg[17]  ( Metal1 )
Bounds : ( 132.400, 21.980 ) ( 136.000, 22.100 )


SHORT: ( Metal Short ) Special Wire of Net VDD & Pin of Cell mult_p_lh_reg_reg[16]  ( Metal1 )
Bounds : ( 132.400, 23.690 ) ( 136.000, 23.810 )


SHORT: ( Metal Short ) Special Wire of Net VSS & Pin of Cell csa_tree_ADD_TC_OP_3_groupi500_g460  ( Metal1 )
Bounds : ( 136.200, 21.980 ) ( 137.600, 22.100 )


SHORT: ( Metal Short ) Special Wire of Net VDD & Pin of Cell csa_tree_ADD_TC_OP_3_groupi500_g460  ( Metal1 )
Bounds : ( 136.200, 23.690 ) ( 139.600, 23.810 )


SHORT: ( Metal Short ) Special Wire of Net VSS & Pin of Cell csa_tree_ADD_TC_OP_3_groupi500_g483  ( Metal1 )
Bounds : ( 136.400, 25.400 ) ( 138.400, 25.520 )


SHORT: ( Metal Short ) Special Wire of Net VSS & Pin of Cell csa_tree_ADD_TC_OP_3_groupi500_g481  ( Metal1 )
Bounds : ( 138.600, 25.400 ) ( 141.600, 25.520 )


SHORT: ( Metal Short ) Special Wire of Net VDD & Pin of Cell mult_add_55_36_g1447  ( Metal1 )
Bounds : ( 135.000, 10.010 ) ( 135.600, 10.130 )


SHORT: ( Metal Short ) Special Wire of Net VDD & Pin of Cell csa_tree_ADD_TC_OP_2_groupi501_g1060  ( Metal1 )
Bounds : ( 120.600, 10.010 ) ( 125.400, 10.130 )


SHORT: ( Metal Short ) Special Wire of Net VSS & Pin of Cell csa_tree_ADD_TC_OP_2_groupi501_g1081  ( Metal1 )
Bounds : ( 118.800, 11.720 ) ( 141.600, 11.840 )


SHORT: ( Metal Short ) Special Wire of Net VDD & Pin of Cell csa_tree_ADD_TC_OP_2_groupi501_g1081  ( Metal1 )
Bounds : ( 118.800, 10.010 ) ( 120.400, 10.130 )


SHORT: ( Metal Short ) Special Wire of Net VDD & Pin of Cell csa_tree_ADD_TC_OP_2_groupi501_g1101  ( Metal1 )
Bounds : ( 117.400, 10.010 ) ( 118.600, 10.130 )


SHORT: ( Metal Short ) Special Wire of Net VDD & Pin of Cell mult_add_55_36_g1485  ( Metal1 )
Bounds : ( 125.600, 10.010 ) ( 126.200, 10.130 )


SHORT: ( Metal Short ) Special Wire of Net VDD & Pin of Cell mult_add_55_36_g1478  ( Metal1 )
Bounds : ( 126.400, 10.010 ) ( 127.000, 10.130 )


SHORT: ( Metal Short ) Special Wire of Net VDD & Pin of Cell mult_p_lh_reg_reg[21]  ( Metal1 )
Bounds : ( 127.200, 10.010 ) ( 130.800, 10.130 )


SHORT: ( Metal Short ) Special Wire of Net VDD & Pin of Cell mult_p_lh_reg_reg[20]  ( Metal1 )
Bounds : ( 131.200, 10.010 ) ( 134.800, 10.130 )


SHORT: ( Metal Short ) Special Wire of Net VDD & Pin of Cell mult_add_55_36_g1469  ( Metal1 )
Bounds : ( 136.200, 10.010 ) ( 136.800, 10.130 )


SHORT: ( Metal Short ) Special Wire of Net VDD & Pin of Cell mult_add_55_36_g1403  ( Metal1 )
Bounds : ( 137.200, 10.010 ) ( 138.000, 10.130 )


SHORT: ( Metal Short ) Special Wire of Net VDD & Pin of Cell mult_add_55_36_g1249  ( Metal1 )
Bounds : ( 138.400, 10.010 ) ( 139.800, 10.130 )


SHORT: ( Metal Short ) Special Wire of Net VDD & Pin of Cell mult_add_55_36_g1427  ( Metal1 )
Bounds : ( 140.600, 10.010 ) ( 141.400, 10.130 )


SHORT: ( Metal Short ) Special Wire of Net VDD & Pin of Cell mult_p_hl_reg_reg[28]  ( Metal1 )
Bounds : ( 126.800, 16.850 ) ( 149.600, 16.970 )


SHORT: ( Metal Short ) Special Wire of Net VSS & Pin of Cell mult_add_55_36_g1391  ( Metal1 )
Bounds : ( 138.000, 21.980 ) ( 149.000, 22.100 )


SHORT: ( Metal Short ) Special Wire of Net VDD & Pin of Cell mult_mult16_lh_p_hh_reg_reg[8]  ( Metal1 )
Bounds : ( 139.800, 23.690 ) ( 149.400, 23.810 )


SHORT: ( Metal Short ) Special Wire of Net VDD & Pin of Cell mult_mult16_lh_p_hh_reg_d1_reg[8]  ( Metal1 )
Bounds : ( 140.000, 20.270 ) ( 152.800, 20.390 )


SHORT: ( Metal Short ) Special Wire of Net VDD & Pin of Cell csa_tree_ADD_TC_OP_3_groupi500_g454  ( Metal1 )
Bounds : ( 141.800, 27.110 ) ( 147.200, 27.230 )


SHORT: ( Metal Short ) Special Wire of Net VDD & Pin of Cell mult_add_55_36_g1260  ( Metal1 )
Bounds : ( 142.000, 10.010 ) ( 143.800, 10.130 )


SHORT: ( Metal Short ) Special Wire of Net VSS & Pin of Cell mult_add_55_36_g1260  ( Metal1 )
Bounds : ( 142.000, 11.720 ) ( 143.800, 11.840 )


SHORT: ( Metal Short ) Special Wire of Net VSS & Pin of Cell csa_tree_ADD_TC_OP_3_groupi500_g451  ( Metal1 )
Bounds : ( 142.000, 25.400 ) ( 144.600, 25.520 )


SHORT: ( Metal Short ) Special Wire of Net VSS & Pin of Cell mult_add_55_36_g1491  ( Metal1 )
Bounds : ( 136.800, 18.560 ) ( 165.000, 18.680 )


SHORT: ( Metal Short ) Special Wire of Net VDD & Pin of Cell mult_mult16_hh_mult8_hl_p_hh_reg_reg[3]  ( Metal1 )
Bounds : ( 158.400, 30.530 ) ( 175.400, 30.650 )


SHORT: ( Metal Short ) Special Wire of Net VDD & Pin of Cell g106901  ( Metal1 )
Bounds : ( 159.000, 47.630 ) ( 177.200, 47.750 )


SHORT: ( Metal Short ) Special Wire of Net VSS & Pin of Cell csa_tree_ADD_TC_OP_3_groupi508_cdnfadd_006_0  ( Metal1 )
Bounds : ( 163.200, 49.340 ) ( 176.200, 49.460 )


SHORT: ( Metal Short ) Special Wire of Net VDD & Pin of Cell csa_tree_ADD_TC_OP_3_groupi509_g498  ( Metal1 )
Bounds : ( 165.800, 51.050 ) ( 176.800, 51.170 )


SHORT: ( Metal Short ) Special Wire of Net VSS & Pin of Cell g104742  ( Metal1 )
Bounds : ( 167.000, 52.760 ) ( 180.000, 52.880 )


SHORT: ( Metal Short ) Special Wire of Net VDD & Pin of Cell csa_tree_ADD_TC_OP_3_groupi508_g499  ( Metal1 )
Bounds : ( 167.000, 54.470 ) ( 181.200, 54.590 )


SHORT: ( Metal Short ) Special Wire of Net VDD & Pin of Cell mult_add_55_36_g1358  ( Metal1 )
Bounds : ( 168.000, 20.270 ) ( 175.800, 20.390 )


SHORT: ( Metal Short ) Special Wire of Net VSS & Pin of Cell mult_mult16_hh_mult8_hl_p_hh_reg_reg[5]  ( Metal1 )
Bounds : ( 168.000, 28.820 ) ( 179.800, 28.940 )


SHORT: ( Metal Short ) Special Wire of Net VDD & Pin of Cell mult_add_55_36_g1276  ( Metal1 )
Bounds : ( 169.000, 16.850 ) ( 173.200, 16.970 )


SHORT: ( Metal Short ) Special Wire of Net VSS & Pin of Cell mult_add_55_36_g1292  ( Metal1 )
Bounds : ( 169.000, 18.560 ) ( 174.200, 18.680 )


SHORT: ( Metal Short ) Special Wire of Net VSS & Pin of Cell csa_tree_ADD_TC_OP_3_groupi509_g489  ( Metal1 )
Bounds : ( 169.000, 42.500 ) ( 177.800, 42.620 )


SHORT: ( Metal Short ) Special Wire of Net VSS & Pin of Cell csa_tree_ADD_TC_OP_3_groupi509_g476  ( Metal1 )
Bounds : ( 169.000, 56.180 ) ( 176.800, 56.300 )


SHORT: ( Metal Short ) Special Wire of Net VSS & Pin of Cell csa_tree_ADD_TC_OP_3_groupi508_cdnfadd_007_0  ( Metal1 )
Bounds : ( 169.400, 45.920 ) ( 177.000, 46.040 )


SHORT: ( Metal Short ) Special Wire of Net VSS & Pin of Cell mult_add_55_36_g1267  ( Metal1 )
Bounds : ( 169.800, 15.140 ) ( 173.200, 15.260 )


SHORT: ( Metal Short ) Special Wire of Net VDD & Pin of Cell csa_tree_ADD_TC_OP_3_groupi509_g456  ( Metal1 )
Bounds : ( 170.400, 37.370 ) ( 174.200, 37.490 )


SHORT: ( Metal Short ) Special Wire of Net VSS & Pin of Cell csa_tree_ADD_TC_OP_3_groupi509_g468  ( Metal1 )
Bounds : ( 170.400, 39.080 ) ( 174.000, 39.200 )


SHORT: ( Metal Short ) Special Wire of Net VSS & Pin of Cell csa_tree_ADD_TC_OP_3_groupi509_g480  ( Metal1 )
Bounds : ( 170.600, 35.660 ) ( 181.800, 35.780 )


SHORT: ( Metal Short ) Special Wire of Net VDD & Pin of Cell csa_tree_ADD_TC_OP_3_groupi509_g473  ( Metal1 )
Bounds : ( 171.000, 40.790 ) ( 172.200, 40.910 )


SHORT: ( Metal Short ) Special Wire of Net VDD & Pin of Cell mult_add_55_36_g1255  ( Metal1 )
Bounds : ( 171.400, 23.690 ) ( 172.800, 23.810 )


SHORT: ( Metal Short ) Special Wire of Net VSS & Pin of Cell mult_mid_sum_reg_reg[19]  ( Metal1 )
Bounds : ( 171.400, 25.400 ) ( 180.000, 25.520 )


SHORT: ( Metal Short ) Special Wire of Net VDD & Pin of Cell mult_mult16_hh_mult8_lh_p_hh_reg_reg[3]  ( Metal1 )
Bounds : ( 171.400, 44.210 ) ( 177.400, 44.330 )


SHORT: ( Metal Short ) Special Wire of Net VSS & Pin of Cell mult_add_55_36_g1290  ( Metal1 )
Bounds : ( 171.600, 21.980 ) ( 174.600, 22.100 )


SHORT: ( Metal Short ) Special Wire of Net VDD & Pin of Cell mult_mid_sum_reg_reg[18]  ( Metal1 )
Bounds : ( 171.600, 27.110 ) ( 180.000, 27.230 )


SHORT: ( Metal Short ) Special Wire of Net VDD & Pin of Cell mult_mult16_hh_mult8_lh_p_hh_reg_reg[6]  ( Metal1 )
Bounds : ( 171.600, 33.950 ) ( 175.200, 34.070 )


SHORT: ( Metal Short ) Special Wire of Net VSS & Pin of Cell g102748  ( Metal1 )
Bounds : ( 107.000, 76.700 ) ( 111.600, 76.820 )


SHORT: ( Metal Short ) Special Wire of Net VDD & Pin of Cell mult_mult16_lh_add_196_36_g431  ( Metal1 )
Bounds : ( 96.200, 71.570 ) ( 97.200, 71.690 )


SHORT: ( Metal Short ) Special Wire of Net VSS & Pin of Cell FE_RC_309_0  ( Metal1 )
Bounds : ( 90.600, 76.700 ) ( 106.600, 76.820 )


SHORT: ( Metal Short ) Special Wire of Net VDD & Pin of Cell mult_mult16_lh_mid_sum_reg_reg[5]  ( Metal1 )
Bounds : ( 87.200, 71.570 ) ( 96.000, 71.690 )


SHORT: ( Metal Short ) Special Wire of Net VDD & Pin of Cell g105615  ( Metal1 )
Bounds : ( 108.400, 64.730 ) ( 109.200, 64.850 )


SHORT: ( Metal Short ) Special Wire of Net VSS & Pin of Cell g107747  ( Metal1 )
Bounds : ( 107.000, 66.440 ) ( 113.200, 66.560 )


SHORT: ( Metal Short ) Special Wire of Net VDD & Pin of Cell mult_mult16_lh_p_lh_reg_reg[7]  ( Metal1 )
Bounds : ( 102.800, 68.150 ) ( 109.000, 68.270 )


SHORT: ( Metal Short ) Special Wire of Net VDD & Pin of Cell mult_mult16_lh_mult8_hl_p_lh_reg_reg[2]  ( Metal1 )
Bounds : ( 100.800, 61.310 ) ( 111.200, 61.430 )


SHORT: ( Metal Short ) Special Wire of Net VSS & Pin of Cell g104710  ( Metal1 )
Bounds : ( 100.400, 63.020 ) ( 105.400, 63.140 )


SHORT: ( Metal Short ) Special Wire of Net VDD & Pin of Cell csa_tree_ADD_TC_OP_3_groupi499_g476  ( Metal1 )
Bounds : ( 99.200, 61.310 ) ( 100.400, 61.430 )


SHORT: ( Metal Short ) Special Wire of Net VDD & Pin of Cell csa_tree_ADD_TC_OP_3_groupi499_g486  ( Metal1 )
Bounds : ( 98.800, 68.150 ) ( 102.600, 68.270 )


SHORT: ( Metal Short ) Special Wire of Net VSS & Pin of Cell mult_mult16_lh_add_196_36_g425  ( Metal1 )
Bounds : ( 98.600, 63.020 ) ( 100.000, 63.140 )


SHORT: ( Metal Short ) Special Wire of Net VSS & Pin of Cell csa_tree_ADD_TC_OP_3_groupi499_g509  ( Metal1 )
Bounds : ( 97.400, 66.440 ) ( 106.800, 66.560 )


SHORT: ( Metal Short ) Special Wire of Net VSS & Pin of Cell mult_mult16_lh_add_196_36_g435  ( Metal1 )
Bounds : ( 96.000, 69.860 ) ( 112.400, 69.980 )


SHORT: ( Metal Short ) Special Wire of Net VDD & Pin of Cell mult_mult16_lh_add_196_36_g516  ( Metal1 )
Bounds : ( 95.600, 68.150 ) ( 98.400, 68.270 )


SHORT: ( Metal Short ) Special Wire of Net VDD & Pin of Cell csa_tree_ADD_TC_OP_3_groupi499_g498  ( Metal1 )
Bounds : ( 94.600, 57.890 ) ( 108.000, 58.010 )


SHORT: ( Metal Short ) Special Wire of Net VDD & Pin of Cell mult_mult16_lh_p_hl_reg_reg[6]  ( Metal1 )
Bounds : ( 93.600, 61.310 ) ( 98.800, 61.430 )


SHORT: ( Metal Short ) Special Wire of Net VDD & Pin of Cell csa_tree_ADD_TC_OP_2_groupi501_g1095  ( Metal1 )
Bounds : ( 92.800, 61.310 ) ( 93.400, 61.430 )


SHORT: ( Metal Short ) Special Wire of Net VDD & Pin of Cell csa_tree_ADD_TC_OP_2_groupi501_g1073  ( Metal1 )
Bounds : ( 92.000, 68.150 ) ( 95.200, 68.270 )


SHORT: ( Metal Short ) Special Wire of Net VSS & Pin of Cell csa_tree_ADD_TC_OP_3_groupi499_cdnfadd_002_0  ( Metal1 )
Bounds : ( 92.000, 59.600 ) ( 108.000, 59.720 )


SHORT: ( Metal Short ) Special Wire of Net VDD & Pin of Cell g108222  ( Metal1 )
Bounds : ( 92.000, 57.890 ) ( 93.600, 58.010 )


SHORT: ( Metal Short ) Special Wire of Net VDD & Pin of Cell csa_tree_ADD_TC_OP_2_groupi501_g1066  ( Metal1 )
Bounds : ( 91.800, 61.310 ) ( 92.400, 61.430 )


SHORT: ( Metal Short ) Special Wire of Net VDD & Pin of Cell g108470  ( Metal1 )
Bounds : ( 91.000, 57.890 ) ( 91.800, 58.010 )


SHORT: ( Metal Short ) Special Wire of Net VSS & Pin of Cell csa_tree_ADD_TC_OP_2_groupi501_g1117  ( Metal1 )
Bounds : ( 90.600, 63.020 ) ( 98.400, 63.140 )


SHORT: ( Metal Short ) Special Wire of Net VDD & Pin of Cell csa_tree_ADD_TC_OP_2_groupi501_g1048  ( Metal1 )
Bounds : ( 90.400, 61.310 ) ( 91.600, 61.430 )


SHORT: ( Metal Short ) Special Wire of Net VSS & Pin of Cell csa_tree_ADD_TC_OP_2_groupi501_g1068  ( Metal1 )
Bounds : ( 90.400, 59.600 ) ( 91.600, 59.720 )


SHORT: ( Metal Short ) Special Wire of Net VSS & Pin of Cell csa_tree_ADD_TC_OP_2_groupi501_g1086  ( Metal1 )
Bounds : ( 89.600, 69.860 ) ( 95.800, 69.980 )


SHORT: ( Metal Short ) Special Wire of Net VDD & Pin of Cell csa_tree_ADD_TC_OP_2_groupi501_g1021  ( Metal1 )
Bounds : ( 88.600, 61.310 ) ( 90.200, 61.430 )


SHORT: ( Metal Short ) Special Wire of Net VDD & Pin of Cell g108479  ( Metal1 )
Bounds : ( 88.000, 57.890 ) ( 88.800, 58.010 )


SHORT: ( Metal Short ) Special Wire of Net VDD & Pin of Cell g107896  ( Metal1 )
Bounds : ( 87.200, 57.890 ) ( 87.800, 58.010 )


SHORT: ( Metal Short ) Special Wire of Net VDD & Pin of Cell g108346  ( Metal1 )
Bounds : ( 109.400, 64.730 ) ( 113.000, 64.850 )


SHORT: ( Metal Short ) Special Wire of Net VDD & Pin of Cell g108471  ( Metal1 )
Bounds : ( 79.000, 71.570 ) ( 80.400, 71.690 )


SHORT: ( Metal Short ) Special Wire of Net VDD & Pin of Cell g102347  ( Metal1 )
Bounds : ( 77.400, 71.570 ) ( 78.800, 71.690 )


SHORT: ( Metal Short ) Special Wire of Net VDD & Pin of Cell FE_OFC824_A_28  ( Metal1 )
Bounds : ( 71.800, 71.570 ) ( 77.000, 71.690 )


SHORT: ( Metal Short ) Special Wire of Net VDD & Pin of Cell g116170  ( Metal1 )
Bounds : ( 68.600, 74.990 ) ( 70.000, 75.110 )


SHORT: ( Metal Short ) Special Wire of Net VDD & Pin of Cell g102646  ( Metal1 )
Bounds : ( 67.400, 74.990 ) ( 68.400, 75.110 )


SHORT: ( Metal Short ) Special Wire of Net VDD & Pin of Cell mult_add_55_36_g1394  ( Metal1 )
Bounds : ( 80.800, 71.570 ) ( 85.600, 71.690 )


SHORT: ( Metal Short ) Special Wire of Net VDD & Pin of Cell g109393  ( Metal1 )
Bounds : ( 70.200, 74.990 ) ( 82.600, 75.110 )


SHORT: ( Metal Short ) Special Wire of Net VDD & Pin of Cell mult_add_55_36_g1386  ( Metal1 )
Bounds : ( 79.400, 68.150 ) ( 82.000, 68.270 )


SHORT: ( Metal Short ) Special Wire of Net VSS & Pin of Cell g108438  ( Metal1 )
Bounds : ( 78.200, 63.020 ) ( 80.800, 63.140 )


SHORT: ( Metal Short ) Special Wire of Net VDD & Pin of Cell FE_OFC458_A_25  ( Metal1 )
Bounds : ( 77.800, 68.150 ) ( 78.600, 68.270 )


SHORT: ( Metal Short ) Special Wire of Net VDD & Pin of Cell g106935  ( Metal1 )
Bounds : ( 77.000, 68.150 ) ( 77.600, 68.270 )


SHORT: ( Metal Short ) Special Wire of Net VSS & Pin of Cell g107859  ( Metal1 )
Bounds : ( 76.600, 66.440 ) ( 78.600, 66.560 )


SHORT: ( Metal Short ) Special Wire of Net VDD & Pin of Cell g107748  ( Metal1 )
Bounds : ( 74.800, 64.730 ) ( 78.800, 64.850 )


SHORT: ( Metal Short ) Special Wire of Net VSS & Pin of Cell g106210  ( Metal1 )
Bounds : ( 74.600, 59.600 ) ( 80.000, 59.720 )


SHORT: ( Metal Short ) Special Wire of Net VSS & Pin of Cell g107861  ( Metal1 )
Bounds : ( 74.400, 69.860 ) ( 78.400, 69.980 )


SHORT: ( Metal Short ) Special Wire of Net VSS & Pin of Cell g105891  ( Metal1 )
Bounds : ( 74.400, 63.020 ) ( 78.000, 63.140 )


SHORT: ( Metal Short ) Special Wire of Net VDD & Pin of Cell g108227  ( Metal1 )
Bounds : ( 74.400, 61.310 ) ( 80.800, 61.430 )


SHORT: ( Metal Short ) Special Wire of Net VDD & Pin of Cell g103111  ( Metal1 )
Bounds : ( 73.800, 64.730 ) ( 74.400, 64.850 )


SHORT: ( Metal Short ) Special Wire of Net VSS & Pin of Cell g105750  ( Metal1 )
Bounds : ( 72.000, 59.600 ) ( 74.200, 59.720 )


SHORT: ( Metal Short ) Special Wire of Net VSS & Pin of Cell g115026  ( Metal1 )
Bounds : ( 70.200, 59.600 ) ( 71.600, 59.720 )


SHORT: ( Metal Short ) Special Wire of Net VDD & Pin of Cell g108334  ( Metal1 )
Bounds : ( 70.200, 57.890 ) ( 82.200, 58.010 )


SHORT: ( Metal Short ) Special Wire of Net VSS & Pin of Cell g103081  ( Metal1 )
Bounds : ( 68.200, 66.440 ) ( 76.200, 66.560 )


SHORT: ( Metal Short ) Special Wire of Net VDD & Pin of Cell g115127  ( Metal1 )
Bounds : ( 68.200, 64.730 ) ( 73.400, 64.850 )


SHORT: ( Metal Short ) Special Wire of Net VSS & Pin of Cell g106175  ( Metal1 )
Bounds : ( 64.600, 69.860 ) ( 74.200, 69.980 )


SHORT: ( Metal Short ) Special Wire of Net VSS & Pin of Cell g108175  ( Metal1 )
Bounds : ( 63.600, 69.860 ) ( 64.200, 69.980 )


SHORT: ( Metal Short ) Special Wire of Net VSS & Pin of Cell FE_OFC379_A_19  ( Metal1 )
Bounds : ( 63.000, 69.860 ) ( 63.400, 69.980 )


SHORT: ( Metal Short ) Special Wire of Net VSS & Pin of Cell g108305  ( Metal1 )
Bounds : ( 79.400, 69.860 ) ( 80.400, 69.980 )


SHORT: ( Metal Short ) Special Wire of Net VSS & Pin of Cell FE_OFC40_input_valid  ( Metal1 )
Bounds : ( 80.200, 59.600 ) ( 82.200, 59.720 )


SHORT: ( Metal Short ) Special Wire of Net VSS & Pin of Cell mult_add_55_36_g1502  ( Metal1 )
Bounds : ( 81.000, 69.860 ) ( 85.600, 69.980 )


SHORT: ( Metal Short ) Special Wire of Net VDD & Pin of Cell FE_OFC440_A_15  ( Metal1 )
Bounds : ( 81.200, 61.310 ) ( 81.800, 61.430 )


SHORT: ( Metal Short ) Special Wire of Net VSS & Pin of Cell g107672  ( Metal1 )
Bounds : ( 81.200, 63.020 ) ( 81.800, 63.140 )


SHORT: ( Metal Short ) Special Wire of Net VSS & Pin of Cell mult_add_55_36_g1354  ( Metal1 )
Bounds : ( 82.000, 63.020 ) ( 82.600, 63.140 )


SHORT: ( Metal Short ) Special Wire of Net VDD & Pin of Cell mult_add_55_36_g1495  ( Metal1 )
Bounds : ( 82.600, 61.310 ) ( 84.200, 61.430 )


SHORT: ( Metal Short ) Special Wire of Net VSS & Pin of Cell mult_add_55_36_g1342  ( Metal1 )
Bounds : ( 83.000, 63.020 ) ( 84.000, 63.140 )


SHORT: ( Metal Short ) Special Wire of Net VDD & Pin of Cell mult_add_55_36_g1504  ( Metal1 )
Bounds : ( 79.400, 64.730 ) ( 108.200, 64.850 )


SHORT: ( Metal Short ) Special Wire of Net VSS & Pin of Cell mult_mult16_lh_add_196_36_g469  ( Metal1 )
Bounds : ( 79.400, 66.440 ) ( 97.000, 66.560 )


SHORT: ( Metal Short ) Special Wire of Net VDD & Pin of Cell g108465  ( Metal1 )
Bounds : ( 82.400, 57.890 ) ( 87.000, 58.010 )


SHORT: ( Metal Short ) Special Wire of Net VSS & Pin of Cell g108479  ( Metal1 )
Bounds : ( 82.400, 59.600 ) ( 90.000, 59.720 )


SHORT: ( Metal Short ) Special Wire of Net VDD & Pin of Cell mult_add_55_36_g1410  ( Metal1 )
Bounds : ( 82.400, 68.150 ) ( 91.800, 68.270 )


SHORT: ( Metal Short ) Special Wire of Net VDD & Pin of Cell mult_add_55_36_g1307  ( Metal1 )
Bounds : ( 82.800, 74.990 ) ( 107.600, 75.110 )


SHORT: ( Metal Short ) Special Wire of Net VSS & Pin of Cell FE_OFC528_mult_add_55_36_n_203  ( Metal1 )
Bounds : ( 84.400, 63.020 ) ( 90.400, 63.140 )


SHORT: ( Metal Short ) Special Wire of Net VDD & Pin of Cell mult_p_lh_reg_reg[15]  ( Metal1 )
Bounds : ( 84.600, 61.310 ) ( 88.200, 61.430 )


SHORT: ( Metal Short ) Special Wire of Net VSS & Pin of Cell mult_p_lh_reg_reg[12]  ( Metal1 )
Bounds : ( 85.800, 69.860 ) ( 89.400, 69.980 )


SHORT: ( Metal Short ) Special Wire of Net VDD & Pin of Cell FE_OFC71_n_408  ( Metal1 )
Bounds : ( 85.800, 71.570 ) ( 87.000, 71.690 )


SHORT: ( Metal Short ) Special Wire of Net VSS & Pin of Cell g107639  ( Metal1 )
Bounds : ( 66.400, 76.700 ) ( 90.400, 76.820 )


SHORT: ( Metal Short ) Special Wire of Net VSS & Pin of Cell csa_tree_ADD_TC_OP_3_groupi494_g480  ( Metal1 )
Bounds : ( 10.000, 97.220 ) ( 12.800, 97.340 )


SHORT: ( Metal Short ) Special Wire of Net VDD & Pin of Cell csa_tree_ADD_TC_OP_3_groupi494_g484  ( Metal1 )
Bounds : ( 10.000, 98.930 ) ( 13.400, 99.050 )


SHORT: ( Metal Short ) Special Wire of Net VSS & Pin of Cell g105897  ( Metal1 )
Bounds : ( 10.000, 110.900 ) ( 48.200, 111.020 )


SHORT: ( Metal Short ) Special Wire of Net VDD & Pin of Cell g108476  ( Metal1 )
Bounds : ( 10.000, 112.610 ) ( 48.200, 112.730 )


SHORT: ( Metal Short ) Special Wire of Net VDD & Pin of Cell mult_mult16_ll_p_lh_reg_reg[13]  ( Metal1 )
Bounds : ( 10.200, 109.190 ) ( 18.400, 109.310 )


SHORT: ( Metal Short ) Special Wire of Net VSS & Pin of Cell csa_tree_ADD_TC_OP_3_groupi494_cdnfadd_006_0  ( Metal1 )
Bounds : ( 10.400, 93.800 ) ( 31.200, 93.920 )


SHORT: ( Metal Short ) Special Wire of Net VDD & Pin of Cell g104739  ( Metal1 )
Bounds : ( 10.400, 95.510 ) ( 42.800, 95.630 )


SHORT: ( Metal Short ) Special Wire of Net VDD & Pin of Cell g102290  ( Metal1 )
Bounds : ( 54.000, 74.990 ) ( 55.600, 75.110 )


SHORT: ( Metal Short ) Special Wire of Net VDD & Pin of Cell g102086  ( Metal1 )
Bounds : ( 53.200, 74.990 ) ( 53.800, 75.110 )


SHORT: ( Metal Short ) Special Wire of Net VDD & Pin of Cell g101425  ( Metal1 )
Bounds : ( 45.600, 74.990 ) ( 53.000, 75.110 )


SHORT: ( Metal Short ) Special Wire of Net VDD & Pin of Cell g106439  ( Metal1 )
Bounds : ( 39.200, 71.570 ) ( 40.400, 71.690 )


SHORT: ( Metal Short ) Special Wire of Net VDD & Pin of Cell g106904  ( Metal1 )
Bounds : ( 38.800, 74.990 ) ( 45.400, 75.110 )


SHORT: ( Metal Short ) Special Wire of Net VDD & Pin of Cell g115037  ( Metal1 )
Bounds : ( 35.600, 74.990 ) ( 38.600, 75.110 )


SHORT: ( Metal Short ) Special Wire of Net VDD & Pin of Cell g106011  ( Metal1 )
Bounds : ( 34.800, 71.570 ) ( 39.000, 71.690 )


SHORT: ( Metal Short ) Special Wire of Net VDD & Pin of Cell g106368  ( Metal1 )
Bounds : ( 34.000, 74.990 ) ( 35.400, 75.110 )


SHORT: ( Metal Short ) Special Wire of Net VSS & Pin of Cell g115041  ( Metal1 )
Bounds : ( 34.000, 73.280 ) ( 45.400, 73.400 )


SHORT: ( Metal Short ) Special Wire of Net VSS & Pin of Cell g108290  ( Metal1 )
Bounds : ( 32.200, 76.700 ) ( 35.400, 76.820 )


SHORT: ( Metal Short ) Special Wire of Net VDD & Pin of Cell csa_tree_ADD_TC_OP_2_groupi506_g1087  ( Metal1 )
Bounds : ( 56.000, 74.990 ) ( 56.800, 75.110 )


SHORT: ( Metal Short ) Special Wire of Net VDD & Pin of Cell g107762  ( Metal1 )
Bounds : ( 54.400, 64.730 ) ( 56.800, 64.850 )


SHORT: ( Metal Short ) Special Wire of Net VDD & Pin of Cell g108177  ( Metal1 )
Bounds : ( 50.400, 64.730 ) ( 54.200, 64.850 )


SHORT: ( Metal Short ) Special Wire of Net VDD & Pin of Cell g107743  ( Metal1 )
Bounds : ( 45.600, 68.150 ) ( 47.800, 68.270 )


SHORT: ( Metal Short ) Special Wire of Net VSS & Pin of Cell mult_mult16_hl_add_196_36_g465  ( Metal1 )
Bounds : ( 42.200, 69.860 ) ( 54.800, 69.980 )


SHORT: ( Metal Short ) Special Wire of Net VDD & Pin of Cell g107133  ( Metal1 )
Bounds : ( 41.800, 68.150 ) ( 45.400, 68.270 )


SHORT: ( Metal Short ) Special Wire of Net VSS & Pin of Cell g107976  ( Metal1 )
Bounds : ( 41.400, 69.860 ) ( 42.000, 69.980 )


SHORT: ( Metal Short ) Special Wire of Net VDD & Pin of Cell g108339  ( Metal1 )
Bounds : ( 40.800, 68.150 ) ( 41.400, 68.270 )


SHORT: ( Metal Short ) Special Wire of Net VSS & Pin of Cell g106973  ( Metal1 )
Bounds : ( 40.800, 66.440 ) ( 44.000, 66.560 )


SHORT: ( Metal Short ) Special Wire of Net VSS & Pin of Cell g108150  ( Metal1 )
Bounds : ( 40.600, 69.860 ) ( 41.200, 69.980 )


SHORT: ( Metal Short ) Special Wire of Net VSS & Pin of Cell g103072  ( Metal1 )
Bounds : ( 40.000, 66.440 ) ( 40.600, 66.560 )


SHORT: ( Metal Short ) Special Wire of Net VDD & Pin of Cell g108187  ( Metal1 )
Bounds : ( 36.000, 64.730 ) ( 49.800, 64.850 )


SHORT: ( Metal Short ) Special Wire of Net VSS & Pin of Cell g106913  ( Metal1 )
Bounds : ( 35.200, 69.860 ) ( 40.400, 69.980 )


SHORT: ( Metal Short ) Special Wire of Net VSS & Pin of Cell g105728  ( Metal1 )
Bounds : ( 34.400, 63.020 ) ( 40.400, 63.140 )


SHORT: ( Metal Short ) Special Wire of Net VDD & Pin of Cell g106909  ( Metal1 )
Bounds : ( 33.400, 68.150 ) ( 40.200, 68.270 )


SHORT: ( Metal Short ) Special Wire of Net VSS & Pin of Cell g106528  ( Metal1 )
Bounds : ( 31.200, 63.020 ) ( 34.000, 63.140 )


SHORT: ( Metal Short ) Special Wire of Net VSS & Pin of Cell g106173  ( Metal1 )
Bounds : ( 31.000, 66.440 ) ( 39.600, 66.560 )


SHORT: ( Metal Short ) Special Wire of Net VDD & Pin of Cell g108190  ( Metal1 )
Bounds : ( 31.000, 64.730 ) ( 35.600, 64.850 )


SHORT: ( Metal Short ) Special Wire of Net VSS & Pin of Cell g108119  ( Metal1 )
Bounds : ( 30.800, 69.860 ) ( 34.800, 69.980 )


SHORT: ( Metal Short ) Special Wire of Net VSS & Pin of Cell g105512  ( Metal1 )
Bounds : ( 29.800, 66.440 ) ( 30.800, 66.560 )


SHORT: ( Metal Short ) Special Wire of Net VSS & Pin of Cell g108061  ( Metal1 )
Bounds : ( 29.600, 63.020 ) ( 30.200, 63.140 )


SHORT: ( Metal Short ) Special Wire of Net VDD & Pin of Cell csa_tree_ADD_TC_OP_3_groupi502_g457  ( Metal1 )
Bounds : ( 21.000, 57.890 ) ( 22.400, 58.010 )


SHORT: ( Metal Short ) Special Wire of Net VSS & Pin of Cell mult_mult16_hl_mult8_ll_p_hh_reg_reg[2]  ( Metal1 )
Bounds : ( 14.200, 66.440 ) ( 18.400, 66.560 )


SHORT: ( Metal Short ) Special Wire of Net VDD & Pin of Cell mult_mult16_hl_mult8_ll_p_lh_reg_reg[6]  ( Metal1 )
Bounds : ( 14.200, 68.150 ) ( 18.200, 68.270 )


SHORT: ( Metal Short ) Special Wire of Net VDD & Pin of Cell mult_mult16_hl_mult8_ll_p_hh_reg_reg[5]  ( Metal1 )
Bounds : ( 14.800, 57.890 ) ( 18.400, 58.010 )


SHORT: ( Metal Short ) Special Wire of Net VDD & Pin of Cell csa_tree_ADD_TC_OP_3_groupi502_g454  ( Metal1 )
Bounds : ( 14.800, 61.310 ) ( 18.800, 61.430 )


SHORT: ( Metal Short ) Special Wire of Net VSS & Pin of Cell mult_mult16_hl_p_ll_reg_reg[13]  ( Metal1 )
Bounds : ( 14.800, 63.020 ) ( 18.400, 63.140 )


SHORT: ( Metal Short ) Special Wire of Net VDD & Pin of Cell mult_mult16_hl_mult8_ll_p_hh_reg_reg[2]  ( Metal1 )
Bounds : ( 14.800, 64.730 ) ( 18.400, 64.850 )


SHORT: ( Metal Short ) Special Wire of Net VDD & Pin of Cell csa_tree_ADD_TC_OP_3_groupi502_g480  ( Metal1 )
Bounds : ( 15.000, 71.570 ) ( 15.800, 71.690 )


SHORT: ( Metal Short ) Special Wire of Net VSS & Pin of Cell csa_tree_ADD_TC_OP_3_groupi502_g480  ( Metal1 )
Bounds : ( 15.000, 73.280 ) ( 15.800, 73.400 )


SHORT: ( Metal Short ) Special Wire of Net VSS & Pin of Cell csa_tree_ADD_TC_OP_3_groupi502_cdnfadd_006_0  ( Metal1 )
Bounds : ( 15.200, 69.860 ) ( 18.400, 69.980 )


SHORT: ( Metal Short ) Special Wire of Net VSS & Pin of Cell csa_tree_ADD_TC_OP_3_groupi502_g456  ( Metal1 )
Bounds : ( 15.200, 76.700 ) ( 17.200, 76.820 )


SHORT: ( Metal Short ) Special Wire of Net VSS & Pin of Cell csa_tree_ADD_TC_OP_3_groupi502_g453  ( Metal1 )
Bounds : ( 15.800, 59.600 ) ( 17.400, 59.720 )


SHORT: ( Metal Short ) Special Wire of Net VSS & Pin of Cell csa_tree_ADD_TC_OP_3_groupi502_g500  ( Metal1 )
Bounds : ( 16.000, 73.280 ) ( 17.400, 73.400 )


SHORT: ( Metal Short ) Special Wire of Net VDD & Pin of Cell csa_tree_ADD_TC_OP_3_groupi502_g510  ( Metal1 )
Bounds : ( 16.000, 74.990 ) ( 17.200, 75.110 )


SHORT: ( Metal Short ) Special Wire of Net VDD & Pin of Cell csa_tree_ADD_TC_OP_3_groupi502_g500  ( Metal1 )
Bounds : ( 16.800, 71.570 ) ( 17.400, 71.690 )


SHORT: ( Metal Short ) Special Wire of Net VDD & Pin of Cell csa_tree_ADD_TC_OP_3_groupi502_g484  ( Metal1 )
Bounds : ( 17.600, 74.990 ) ( 18.600, 75.110 )


SHORT: ( Metal Short ) Special Wire of Net VSS & Pin of Cell csa_tree_ADD_TC_OP_3_groupi502_g459  ( Metal1 )
Bounds : ( 17.600, 76.700 ) ( 19.000, 76.820 )


SHORT: ( Metal Short ) Special Wire of Net VSS & Pin of Cell csa_tree_ADD_TC_OP_3_groupi502_g454  ( Metal1 )
Bounds : ( 17.800, 59.600 ) ( 18.800, 59.720 )


SHORT: ( Metal Short ) Special Wire of Net VDD & Pin of Cell csa_tree_ADD_TC_OP_3_groupi502_g497  ( Metal1 )
Bounds : ( 17.800, 71.570 ) ( 19.400, 71.690 )


SHORT: ( Metal Short ) Special Wire of Net VSS & Pin of Cell mult_mult16_hl_mult8_ll_p_hh_reg_reg[3]  ( Metal1 )
Bounds : ( 18.800, 63.020 ) ( 22.400, 63.140 )


SHORT: ( Metal Short ) Special Wire of Net VDD & Pin of Cell mult_mult16_hl_mult8_ll_p_hh_reg_reg[3]  ( Metal1 )
Bounds : ( 18.800, 64.730 ) ( 23.400, 64.850 )


SHORT: ( Metal Short ) Special Wire of Net VSS & Pin of Cell csa_tree_ADD_TC_OP_3_groupi502_g487  ( Metal1 )
Bounds : ( 18.800, 69.860 ) ( 19.400, 69.980 )


SHORT: ( Metal Short ) Special Wire of Net VDD & Pin of Cell csa_tree_ADD_TC_OP_3_groupi502_g475  ( Metal1 )
Bounds : ( 19.000, 57.890 ) ( 20.600, 58.010 )


SHORT: ( Metal Short ) Special Wire of Net VDD & Pin of Cell csa_tree_ADD_TC_OP_3_groupi502_g474  ( Metal1 )
Bounds : ( 19.000, 61.310 ) ( 19.800, 61.430 )


SHORT: ( Metal Short ) Special Wire of Net VDD & Pin of Cell mult_mult16_hl_mult8_ll_p_lh_reg_reg[7]  ( Metal1 )
Bounds : ( 19.000, 68.150 ) ( 26.400, 68.270 )


SHORT: ( Metal Short ) Special Wire of Net VDD & Pin of Cell mult_mult16_hl_mult8_ll_p_hh_reg_reg[1]  ( Metal1 )
Bounds : ( 20.800, 71.570 ) ( 25.800, 71.690 )


SHORT: ( Metal Short ) Special Wire of Net VSS & Pin of Cell g105354  ( Metal1 )
Bounds : ( 23.600, 63.020 ) ( 27.000, 63.140 )


SHORT: ( Metal Short ) Special Wire of Net VDD & Pin of Cell g105230  ( Metal1 )
Bounds : ( 24.000, 64.730 ) ( 25.000, 64.850 )


SHORT: ( Metal Short ) Special Wire of Net VSS & Pin of Cell g104730  ( Metal1 )
Bounds : ( 20.600, 69.860 ) ( 30.400, 69.980 )


SHORT: ( Metal Short ) Special Wire of Net VDD & Pin of Cell FE_OFC1055_FE_RN_24  ( Metal1 )
Bounds : ( 18.800, 74.990 ) ( 33.800, 75.110 )


SHORT: ( Metal Short ) Special Wire of Net VSS & Pin of Cell g104940  ( Metal1 )
Bounds : ( 17.800, 73.280 ) ( 33.800, 73.400 )


SHORT: ( Metal Short ) Special Wire of Net VSS & Pin of Cell g105735  ( Metal1 )
Bounds : ( 19.000, 66.440 ) ( 29.600, 66.560 )


SHORT: ( Metal Short ) Special Wire of Net VSS & Pin of Cell csa_tree_ADD_TC_OP_3_groupi502_g461  ( Metal1 )
Bounds : ( 19.200, 76.700 ) ( 32.000, 76.820 )


SHORT: ( Metal Short ) Special Wire of Net VDD & Pin of Cell mult_mult16_hl_mult8_ll_p_hh_reg_reg[7]  ( Metal1 )
Bounds : ( 22.600, 57.890 ) ( 32.800, 58.010 )


SHORT: ( Metal Short ) Special Wire of Net VDD & Pin of Cell g107969  ( Metal1 )
Bounds : ( 25.400, 64.730 ) ( 30.800, 64.850 )


SHORT: ( Metal Short ) Special Wire of Net VDD & Pin of Cell g106457  ( Metal1 )
Bounds : ( 26.000, 71.570 ) ( 34.600, 71.690 )


SHORT: ( Metal Short ) Special Wire of Net VDD & Pin of Cell g104721  ( Metal1 )
Bounds : ( 26.600, 68.150 ) ( 33.200, 68.270 )


SHORT: ( Metal Short ) Special Wire of Net VSS & Pin of Cell g108528  ( Metal1 )
Bounds : ( 27.600, 63.020 ) ( 29.200, 63.140 )


SHORT: ( Metal Short ) Special Wire of Net VSS & Pin of Cell g105348  ( Metal1 )
Bounds : ( 19.000, 59.600 ) ( 70.000, 59.720 )


SHORT: ( Metal Short ) Special Wire of Net VDD & Pin of Cell FE_OFC1083_B_2  ( Metal1 )
Bounds : ( 20.000, 61.310 ) ( 74.200, 61.430 )


SHORT: ( Metal Short ) Special Wire of Net VDD & Pin of Cell FE_OFC962_csa_tree_ADD_TC_OP_2_groupi506_n_86  ( Metal1 )
Bounds : ( 33.000, 57.890 ) ( 69.800, 58.010 )


SHORT: ( Metal Short ) Special Wire of Net VSS & Pin of Cell g108437  ( Metal1 )
Bounds : ( 35.600, 76.700 ) ( 65.800, 76.820 )


SHORT: ( Metal Short ) Special Wire of Net VSS & Pin of Cell g106611  ( Metal1 )
Bounds : ( 40.600, 63.020 ) ( 73.800, 63.140 )


SHORT: ( Metal Short ) Special Wire of Net VDD & Pin of Cell g101281  ( Metal1 )
Bounds : ( 40.600, 71.570 ) ( 71.600, 71.690 )


SHORT: ( Metal Short ) Special Wire of Net VSS & Pin of Cell g105896  ( Metal1 )
Bounds : ( 44.200, 66.440 ) ( 68.000, 66.560 )


SHORT: ( Metal Short ) Special Wire of Net VSS & Pin of Cell g108430  ( Metal1 )
Bounds : ( 45.600, 73.280 ) ( 80.400, 73.400 )


SHORT: ( Metal Short ) Special Wire of Net VDD & Pin of Cell FE_OCPC868_B_1  ( Metal1 )
Bounds : ( 48.000, 68.150 ) ( 76.600, 68.270 )


SHORT: ( Metal Short ) Special Wire of Net VSS & Pin of Cell mult_mult16_hl_add_196_36_g491  ( Metal1 )
Bounds : ( 55.000, 69.860 ) ( 62.000, 69.980 )


SHORT: ( Metal Short ) Special Wire of Net VDD & Pin of Cell mult_mult16_hl_p_hl_reg_reg[4]  ( Metal1 )
Bounds : ( 57.000, 64.730 ) ( 67.200, 64.850 )


SHORT: ( Metal Short ) Special Wire of Net VDD & Pin of Cell FE_RC_291_0  ( Metal1 )
Bounds : ( 57.000, 74.990 ) ( 67.000, 75.110 )


SHORT: ( Metal Short ) Special Wire of Net VSS & Pin of Cell csa_tree_ADD_TC_OP_3_groupi494_cdnfadd_003_0  ( Metal1 )
Bounds : ( 10.200, 107.480 ) ( 83.200, 107.600 )


SHORT: ( Metal Short ) Special Wire of Net VSS & Pin of Cell g105559  ( Metal1 )
Bounds : ( 110.400, 45.920 ) ( 113.600, 46.040 )


SHORT: ( Metal Short ) Special Wire of Net VSS & Pin of Cell g104722  ( Metal1 )
Bounds : ( 109.400, 45.920 ) ( 110.200, 46.040 )


SHORT: ( Metal Short ) Special Wire of Net VSS & Pin of Cell g105522  ( Metal1 )
Bounds : ( 108.000, 45.920 ) ( 109.200, 46.040 )


SHORT: ( Metal Short ) Special Wire of Net VSS & Pin of Cell g105556  ( Metal1 )
Bounds : ( 107.200, 56.180 ) ( 108.000, 56.300 )


SHORT: ( Metal Short ) Special Wire of Net VSS & Pin of Cell g104634  ( Metal1 )
Bounds : ( 104.400, 45.920 ) ( 107.600, 46.040 )


SHORT: ( Metal Short ) Special Wire of Net VDD & Pin of Cell g104733  ( Metal1 )
Bounds : ( 104.400, 44.210 ) ( 109.200, 44.330 )


SHORT: ( Metal Short ) Special Wire of Net VSS & Pin of Cell g105608  ( Metal1 )
Bounds : ( 103.200, 45.920 ) ( 104.200, 46.040 )


SHORT: ( Metal Short ) Special Wire of Net VSS & Pin of Cell g105705  ( Metal1 )
Bounds : ( 102.400, 56.180 ) ( 106.800, 56.300 )


SHORT: ( Metal Short ) Special Wire of Net VSS & Pin of Cell g106316  ( Metal1 )
Bounds : ( 101.800, 49.340 ) ( 105.000, 49.460 )


SHORT: ( Metal Short ) Special Wire of Net VDD & Pin of Cell g108141  ( Metal1 )
Bounds : ( 101.000, 51.050 ) ( 101.600, 51.170 )


SHORT: ( Metal Short ) Special Wire of Net VSS & Pin of Cell g104851  ( Metal1 )
Bounds : ( 100.400, 49.340 ) ( 101.200, 49.460 )


SHORT: ( Metal Short ) Special Wire of Net VSS & Pin of Cell g104632  ( Metal1 )
Bounds : ( 96.400, 45.920 ) ( 99.800, 46.040 )


SHORT: ( Metal Short ) Special Wire of Net VDD & Pin of Cell g104951  ( Metal1 )
Bounds : ( 88.000, 44.210 ) ( 91.000, 44.330 )


SHORT: ( Metal Short ) Special Wire of Net VSS & Pin of Cell g104951  ( Metal1 )
Bounds : ( 88.000, 45.920 ) ( 92.200, 46.040 )


SHORT: ( Metal Short ) Special Wire of Net VSS & Pin of Cell g106532  ( Metal1 )
Bounds : ( 88.400, 56.180 ) ( 93.800, 56.300 )


SHORT: ( Metal Short ) Special Wire of Net VSS & Pin of Cell g107945  ( Metal1 )
Bounds : ( 89.400, 52.760 ) ( 90.000, 52.880 )


SHORT: ( Metal Short ) Special Wire of Net VDD & Pin of Cell g106039  ( Metal1 )
Bounds : ( 90.800, 47.630 ) ( 92.200, 47.750 )


SHORT: ( Metal Short ) Special Wire of Net VSS & Pin of Cell g108130  ( Metal1 )
Bounds : ( 91.000, 52.760 ) ( 92.600, 52.880 )


SHORT: ( Metal Short ) Special Wire of Net VDD & Pin of Cell g104922  ( Metal1 )
Bounds : ( 91.200, 44.210 ) ( 94.200, 44.330 )


SHORT: ( Metal Short ) Special Wire of Net VSS & Pin of Cell g108491  ( Metal1 )
Bounds : ( 92.400, 45.920 ) ( 94.000, 46.040 )


SHORT: ( Metal Short ) Special Wire of Net VDD & Pin of Cell g106339  ( Metal1 )
Bounds : ( 92.600, 47.630 ) ( 94.000, 47.750 )


SHORT: ( Metal Short ) Special Wire of Net VSS & Pin of Cell g106288  ( Metal1 )
Bounds : ( 92.600, 49.340 ) ( 94.600, 49.460 )


SHORT: ( Metal Short ) Special Wire of Net VSS & Pin of Cell g108023  ( Metal1 )
Bounds : ( 93.000, 52.760 ) ( 94.200, 52.880 )


SHORT: ( Metal Short ) Special Wire of Net VSS & Pin of Cell mult_mult16_lh_mult8_hl_p_lh_reg_reg[3]  ( Metal1 )
Bounds : ( 94.600, 56.180 ) ( 98.600, 56.300 )


SHORT: ( Metal Short ) Special Wire of Net VSS & Pin of Cell mult_mult16_lh_mult8_hl_p_hl_reg_reg[4]  ( Metal1 )
Bounds : ( 95.000, 49.340 ) ( 99.800, 49.460 )


SHORT: ( Metal Short ) Special Wire of Net VDD & Pin of Cell FE_OFC1051_n_12920  ( Metal1 )
Bounds : ( 95.000, 51.050 ) ( 99.600, 51.170 )


SHORT: ( Metal Short ) Special Wire of Net VDD & Pin of Cell mult_mult16_lh_mult8_hl_p_hl_reg_reg[4]  ( Metal1 )
Bounds : ( 96.200, 47.630 ) ( 99.800, 47.750 )


SHORT: ( Metal Short ) Special Wire of Net VDD & Pin of Cell mult_mult16_lh_mult8_hl_p_hl_reg_reg[5]  ( Metal1 )
Bounds : ( 96.800, 44.210 ) ( 104.200, 44.330 )


SHORT: ( Metal Short ) Special Wire of Net VSS & Pin of Cell csa_tree_ADD_TC_OP_3_groupi499_cdnfadd_003_0  ( Metal1 )
Bounds : ( 98.800, 56.180 ) ( 102.000, 56.300 )


SHORT: ( Metal Short ) Special Wire of Net VSS & Pin of Cell g104952  ( Metal1 )
Bounds : ( 100.000, 45.920 ) ( 103.000, 46.040 )


SHORT: ( Metal Short ) Special Wire of Net VDD & Pin of Cell csa_tree_ADD_TC_OP_3_groupi499_g493  ( Metal1 )
Bounds : ( 101.200, 30.530 ) ( 112.200, 30.650 )


SHORT: ( Metal Short ) Special Wire of Net VSS & Pin of Cell mult_mult16_lh_p_hl_reg_reg[11]  ( Metal1 )
Bounds : ( 101.200, 28.820 ) ( 106.600, 28.940 )


SHORT: ( Metal Short ) Special Wire of Net VSS & Pin of Cell mult_mult16_lh_mult8_hl_p_lh_reg_reg[5]  ( Metal1 )
Bounds : ( 100.600, 42.500 ) ( 104.200, 42.620 )


SHORT: ( Metal Short ) Special Wire of Net VSS & Pin of Cell csa_tree_ADD_TC_OP_3_groupi499_g464  ( Metal1 )
Bounds : ( 100.600, 32.240 ) ( 101.800, 32.360 )


SHORT: ( Metal Short ) Special Wire of Net VDD & Pin of Cell csa_tree_ADD_TC_OP_3_groupi499_g510  ( Metal1 )
Bounds : ( 100.200, 37.370 ) ( 105.800, 37.490 )


SHORT: ( Metal Short ) Special Wire of Net VSS & Pin of Cell csa_tree_ADD_TC_OP_3_groupi499_g456  ( Metal1 )
Bounds : ( 102.000, 32.240 ) ( 112.200, 32.360 )


SHORT: ( Metal Short ) Special Wire of Net VDD & Pin of Cell csa_tree_ADD_TC_OP_3_groupi499_g467  ( Metal1 )
Bounds : ( 102.000, 33.950 ) ( 104.200, 34.070 )


SHORT: ( Metal Short ) Special Wire of Net VSS & Pin of Cell csa_tree_ADD_TC_OP_3_groupi499_g497  ( Metal1 )
Bounds : ( 103.000, 35.660 ) ( 105.000, 35.780 )


SHORT: ( Metal Short ) Special Wire of Net VDD & Pin of Cell csa_tree_ADD_TC_OP_3_groupi499_g497  ( Metal1 )
Bounds : ( 104.400, 33.950 ) ( 105.000, 34.070 )


SHORT: ( Metal Short ) Special Wire of Net VSS & Pin of Cell g104733  ( Metal1 )
Bounds : ( 104.400, 42.500 ) ( 105.000, 42.620 )


SHORT: ( Metal Short ) Special Wire of Net VDD & Pin of Cell g104751  ( Metal1 )
Bounds : ( 105.400, 33.950 ) ( 112.200, 34.070 )


SHORT: ( Metal Short ) Special Wire of Net VSS & Pin of Cell csa_tree_ADD_TC_OP_3_groupi499_g453  ( Metal1 )
Bounds : ( 106.800, 28.820 ) ( 112.200, 28.940 )


SHORT: ( Metal Short ) Special Wire of Net VSS & Pin of Cell g104948  ( Metal1 )
Bounds : ( 110.200, 39.080 ) ( 113.200, 39.200 )


SHORT: ( Metal Short ) Special Wire of Net VSS & Pin of Cell mult_mult16_lh_add_196_36_g495  ( Metal1 )
Bounds : ( 112.400, 28.820 ) ( 113.000, 28.940 )


SHORT: ( Metal Short ) Special Wire of Net VDD & Pin of Cell mult_mult16_lh_add_196_36_g495  ( Metal1 )
Bounds : ( 112.400, 30.530 ) ( 113.400, 30.650 )


SHORT: ( Metal Short ) Special Wire of Net VDD & Pin of Cell g104630  ( Metal1 )
Bounds : ( 112.400, 33.950 ) ( 113.000, 34.070 )


SHORT: ( Metal Short ) Special Wire of Net VDD & Pin of Cell csa_tree_ADD_TC_OP_3_groupi499_g465  ( Metal1 )
Bounds : ( 98.400, 33.950 ) ( 99.800, 34.070 )


SHORT: ( Metal Short ) Special Wire of Net VDD & Pin of Cell csa_tree_ADD_TC_OP_3_groupi499_g462  ( Metal1 )
Bounds : ( 98.200, 37.370 ) ( 100.000, 37.490 )


SHORT: ( Metal Short ) Special Wire of Net VSS & Pin of Cell g105862  ( Metal1 )
Bounds : ( 97.800, 28.820 ) ( 99.000, 28.940 )


SHORT: ( Metal Short ) Special Wire of Net VSS & Pin of Cell g106484  ( Metal1 )
Bounds : ( 97.400, 32.240 ) ( 99.600, 32.360 )


SHORT: ( Metal Short ) Special Wire of Net VSS & Pin of Cell g107902  ( Metal1 )
Bounds : ( 96.600, 35.660 ) ( 98.000, 35.780 )


SHORT: ( Metal Short ) Special Wire of Net VDD & Pin of Cell g105697  ( Metal1 )
Bounds : ( 88.200, 37.370 ) ( 91.200, 37.490 )


SHORT: ( Metal Short ) Special Wire of Net VSS & Pin of Cell g108482  ( Metal1 )
Bounds : ( 88.400, 42.500 ) ( 89.200, 42.620 )


SHORT: ( Metal Short ) Special Wire of Net VSS & Pin of Cell g104870  ( Metal1 )
Bounds : ( 90.000, 42.500 ) ( 90.800, 42.620 )


SHORT: ( Metal Short ) Special Wire of Net VDD & Pin of Cell g107117  ( Metal1 )
Bounds : ( 91.400, 33.950 ) ( 98.200, 34.070 )


SHORT: ( Metal Short ) Special Wire of Net VSS & Pin of Cell g105317  ( Metal1 )
Bounds : ( 91.400, 35.660 ) ( 94.400, 35.780 )


SHORT: ( Metal Short ) Special Wire of Net VSS & Pin of Cell g105539  ( Metal1 )
Bounds : ( 91.400, 42.500 ) ( 92.400, 42.620 )


SHORT: ( Metal Short ) Special Wire of Net VDD & Pin of Cell g107067  ( Metal1 )
Bounds : ( 91.800, 37.370 ) ( 93.800, 37.490 )


SHORT: ( Metal Short ) Special Wire of Net VSS & Pin of Cell g105410  ( Metal1 )
Bounds : ( 92.600, 42.500 ) ( 94.200, 42.620 )


SHORT: ( Metal Short ) Special Wire of Net VSS & Pin of Cell g105257  ( Metal1 )
Bounds : ( 93.000, 32.240 ) ( 95.200, 32.360 )


SHORT: ( Metal Short ) Special Wire of Net VDD & Pin of Cell g106182  ( Metal1 )
Bounds : ( 94.600, 37.370 ) ( 97.600, 37.490 )


SHORT: ( Metal Short ) Special Wire of Net VSS & Pin of Cell g106182  ( Metal1 )
Bounds : ( 94.600, 39.080 ) ( 97.800, 39.200 )


SHORT: ( Metal Short ) Special Wire of Net VSS & Pin of Cell g106684  ( Metal1 )
Bounds : ( 94.800, 35.660 ) ( 96.400, 35.780 )


SHORT: ( Metal Short ) Special Wire of Net VSS & Pin of Cell g106305  ( Metal1 )
Bounds : ( 95.400, 32.240 ) ( 97.200, 32.360 )


SHORT: ( Metal Short ) Special Wire of Net VSS & Pin of Cell g108280  ( Metal1 )
Bounds : ( 95.600, 42.500 ) ( 96.200, 42.620 )


SHORT: ( Metal Short ) Special Wire of Net VDD & Pin of Cell csa_tree_ADD_TC_OP_3_groupi499_g489  ( Metal1 )
Bounds : ( 95.600, 40.790 ) ( 109.600, 40.910 )


SHORT: ( Metal Short ) Special Wire of Net VSS & Pin of Cell mult_mult16_lh_mult8_hl_p_hl_reg_reg[5]  ( Metal1 )
Bounds : ( 96.800, 42.500 ) ( 100.400, 42.620 )


SHORT: ( Metal Short ) Special Wire of Net VSS & Pin of Cell csa_tree_ADD_TC_OP_3_groupi499_g468  ( Metal1 )
Bounds : ( 98.200, 35.660 ) ( 102.800, 35.780 )


SHORT: ( Metal Short ) Special Wire of Net VSS & Pin of Cell csa_tree_ADD_TC_OP_3_groupi499_cdnfadd_006_0  ( Metal1 )
Bounds : ( 98.400, 39.080 ) ( 109.800, 39.200 )


SHORT: ( Metal Short ) Special Wire of Net VSS & Pin of Cell g104878  ( Metal1 )
Bounds : ( 99.200, 28.820 ) ( 100.600, 28.940 )


SHORT: ( Metal Short ) Special Wire of Net VDD & Pin of Cell csa_tree_ADD_TC_OP_3_groupi499_g464  ( Metal1 )
Bounds : ( 100.000, 33.950 ) ( 101.800, 34.070 )


SHORT: ( Metal Short ) Special Wire of Net VSS & Pin of Cell g105904  ( Metal1 )
Bounds : ( 64.600, 45.920 ) ( 68.200, 46.040 )


SHORT: ( Metal Short ) Special Wire of Net VSS & Pin of Cell g106207  ( Metal1 )
Bounds : ( 63.000, 52.760 ) ( 72.400, 52.880 )


SHORT: ( Metal Short ) Special Wire of Net VDD & Pin of Cell g106912  ( Metal1 )
Bounds : ( 63.000, 51.050 ) ( 71.200, 51.170 )


SHORT: ( Metal Short ) Special Wire of Net VDD & Pin of Cell g106165  ( Metal1 )
Bounds : ( 62.800, 44.210 ) ( 77.800, 44.330 )


SHORT: ( Metal Short ) Special Wire of Net VSS & Pin of Cell g105718  ( Metal1 )
Bounds : ( 58.600, 52.760 ) ( 62.800, 52.880 )


SHORT: ( Metal Short ) Special Wire of Net VDD & Pin of Cell g103048  ( Metal1 )
Bounds : ( 71.400, 51.050 ) ( 72.200, 51.170 )


SHORT: ( Metal Short ) Special Wire of Net VDD & Pin of Cell g105284  ( Metal1 )
Bounds : ( 72.400, 51.050 ) ( 81.200, 51.170 )


SHORT: ( Metal Short ) Special Wire of Net VSS & Pin of Cell g102539  ( Metal1 )
Bounds : ( 72.600, 52.760 ) ( 73.800, 52.880 )


SHORT: ( Metal Short ) Special Wire of Net VSS & Pin of Cell g107649  ( Metal1 )
Bounds : ( 74.000, 52.760 ) ( 85.600, 52.880 )


SHORT: ( Metal Short ) Special Wire of Net VDD & Pin of Cell g107869  ( Metal1 )
Bounds : ( 78.000, 44.210 ) ( 78.600, 44.330 )


SHORT: ( Metal Short ) Special Wire of Net VDD & Pin of Cell g108161  ( Metal1 )
Bounds : ( 78.800, 44.210 ) ( 81.000, 44.330 )


SHORT: ( Metal Short ) Special Wire of Net VDD & Pin of Cell g104998  ( Metal1 )
Bounds : ( 81.400, 51.050 ) ( 83.000, 51.170 )


SHORT: ( Metal Short ) Special Wire of Net VSS & Pin of Cell g106467  ( Metal1 )
Bounds : ( 76.000, 35.660 ) ( 76.800, 35.780 )


SHORT: ( Metal Short ) Special Wire of Net VSS & Pin of Cell csa_tree_ADD_TC_OP_3_groupi505_g486  ( Metal1 )
Bounds : ( 74.800, 42.500 ) ( 80.800, 42.620 )


SHORT: ( Metal Short ) Special Wire of Net VSS & Pin of Cell g108140  ( Metal1 )
Bounds : ( 73.200, 35.660 ) ( 75.800, 35.780 )


SHORT: ( Metal Short ) Special Wire of Net VDD & Pin of Cell g107921  ( Metal1 )
Bounds : ( 73.000, 37.370 ) ( 75.800, 37.490 )


SHORT: ( Metal Short ) Special Wire of Net VSS & Pin of Cell g108318  ( Metal1 )
Bounds : ( 72.400, 35.660 ) ( 73.000, 35.780 )


SHORT: ( Metal Short ) Special Wire of Net VSS & Pin of Cell g107992  ( Metal1 )
Bounds : ( 72.000, 42.500 ) ( 74.600, 42.620 )


SHORT: ( Metal Short ) Special Wire of Net VDD & Pin of Cell g106918  ( Metal1 )
Bounds : ( 76.000, 37.370 ) ( 76.600, 37.490 )


SHORT: ( Metal Short ) Special Wire of Net VDD & Pin of Cell g106146  ( Metal1 )
Bounds : ( 76.600, 30.530 ) ( 78.000, 30.650 )


SHORT: ( Metal Short ) Special Wire of Net VDD & Pin of Cell g106531  ( Metal1 )
Bounds : ( 72.000, 33.950 ) ( 83.400, 34.070 )


SHORT: ( Metal Short ) Special Wire of Net VSS & Pin of Cell g106018  ( Metal1 )
Bounds : ( 77.000, 35.660 ) ( 80.200, 35.780 )


SHORT: ( Metal Short ) Special Wire of Net VDD & Pin of Cell g106185  ( Metal1 )
Bounds : ( 77.200, 37.370 ) ( 80.200, 37.490 )


SHORT: ( Metal Short ) Special Wire of Net VDD & Pin of Cell g104648  ( Metal1 )
Bounds : ( 78.200, 30.530 ) ( 81.800, 30.650 )


SHORT: ( Metal Short ) Special Wire of Net VDD & Pin of Cell csa_tree_ADD_TC_OP_3_groupi505_g485  ( Metal1 )
Bounds : ( 80.400, 37.370 ) ( 84.200, 37.490 )


SHORT: ( Metal Short ) Special Wire of Net VDD & Pin of Cell g104894  ( Metal1 )
Bounds : ( 82.000, 30.530 ) ( 83.400, 30.650 )


SHORT: ( Metal Short ) Special Wire of Net VSS & Pin of Cell g104894  ( Metal1 )
Bounds : ( 82.000, 32.240 ) ( 83.400, 32.360 )


SHORT: ( Metal Short ) Special Wire of Net VDD & Pin of Cell g101371  ( Metal1 )
Bounds : ( 69.800, 33.950 ) ( 71.000, 34.070 )


SHORT: ( Metal Short ) Special Wire of Net VSS & Pin of Cell g107108  ( Metal1 )
Bounds : ( 69.400, 32.240 ) ( 70.000, 32.360 )


SHORT: ( Metal Short ) Special Wire of Net VSS & Pin of Cell g107920  ( Metal1 )
Bounds : ( 68.600, 32.240 ) ( 69.200, 32.360 )


SHORT: ( Metal Short ) Special Wire of Net VDD & Pin of Cell g106801  ( Metal1 )
Bounds : ( 67.600, 33.950 ) ( 69.000, 34.070 )


SHORT: ( Metal Short ) Special Wire of Net VDD & Pin of Cell FE_RC_1069_0  ( Metal1 )
Bounds : ( 66.800, 33.950 ) ( 67.400, 34.070 )


SHORT: ( Metal Short ) Special Wire of Net VSS & Pin of Cell g108077  ( Metal1 )
Bounds : ( 66.800, 28.820 ) ( 68.200, 28.940 )


SHORT: ( Metal Short ) Special Wire of Net VDD & Pin of Cell g104717  ( Metal1 )
Bounds : ( 57.600, 37.370 ) ( 63.200, 37.490 )


SHORT: ( Metal Short ) Special Wire of Net VSS & Pin of Cell g105330  ( Metal1 )
Bounds : ( 61.400, 28.820 ) ( 66.600, 28.940 )


SHORT: ( Metal Short ) Special Wire of Net VDD & Pin of Cell g104892  ( Metal1 )
Bounds : ( 61.600, 33.950 ) ( 64.400, 34.070 )


SHORT: ( Metal Short ) Special Wire of Net VSS & Pin of Cell g106071  ( Metal1 )
Bounds : ( 62.800, 42.500 ) ( 65.000, 42.620 )


SHORT: ( Metal Short ) Special Wire of Net VSS & Pin of Cell g108142  ( Metal1 )
Bounds : ( 64.600, 35.660 ) ( 71.000, 35.780 )


SHORT: ( Metal Short ) Special Wire of Net VDD & Pin of Cell g114691  ( Metal1 )
Bounds : ( 64.800, 33.950 ) ( 66.600, 34.070 )


SHORT: ( Metal Short ) Special Wire of Net VSS & Pin of Cell g107821  ( Metal1 )
Bounds : ( 65.200, 42.500 ) ( 71.800, 42.620 )


SHORT: ( Metal Short ) Special Wire of Net VDD & Pin of Cell g108124  ( Metal1 )
Bounds : ( 63.600, 37.370 ) ( 72.600, 37.490 )


SHORT: ( Metal Short ) Special Wire of Net VSS & Pin of Cell g106527  ( Metal1 )
Bounds : ( 61.600, 39.080 ) ( 75.000, 39.200 )


SHORT: ( Metal Short ) Special Wire of Net VSS & Pin of Cell g108249  ( Metal1 )
Bounds : ( 68.600, 28.820 ) ( 77.000, 28.940 )


SHORT: ( Metal Short ) Special Wire of Net VDD & Pin of Cell mult_mult16_hl_mult8_hh_p_ll_reg_reg[0]  ( Metal1 )
Bounds : ( 68.600, 30.530 ) ( 76.400, 30.650 )


SHORT: ( Metal Short ) Special Wire of Net VSS & Pin of Cell g104947  ( Metal1 )
Bounds : ( 70.200, 32.240 ) ( 81.400, 32.360 )


SHORT: ( Metal Short ) Special Wire of Net VDD & Pin of Cell g106203  ( Metal1 )
Bounds : ( 70.800, 40.790 ) ( 73.800, 40.910 )


SHORT: ( Metal Short ) Special Wire of Net VDD & Pin of Cell g108154  ( Metal1 )
Bounds : ( 71.200, 33.950 ) ( 71.800, 34.070 )


SHORT: ( Metal Short ) Special Wire of Net VSS & Pin of Cell g107931  ( Metal1 )
Bounds : ( 71.400, 35.660 ) ( 72.000, 35.780 )


SHORT: ( Metal Short ) Special Wire of Net VSS & Pin of Cell g101275  ( Metal1 )
Bounds : ( 72.200, 49.340 ) ( 92.200, 49.460 )


SHORT: ( Metal Short ) Special Wire of Net VDD & Pin of Cell FE_OFC19_reset_n  ( Metal1 )
Bounds : ( 74.000, 40.790 ) ( 94.000, 40.910 )


SHORT: ( Metal Short ) Special Wire of Net VSS & Pin of Cell csa_tree_ADD_TC_OP_3_groupi505_cdnfadd_003_0  ( Metal1 )
Bounds : ( 75.200, 39.080 ) ( 94.000, 39.200 )


SHORT: ( Metal Short ) Special Wire of Net VSS & Pin of Cell csa_tree_ADD_TC_OP_3_groupi505_cdnfadd_005_0  ( Metal1 )
Bounds : ( 77.400, 28.820 ) ( 97.600, 28.940 )


SHORT: ( Metal Short ) Special Wire of Net VSS & Pin of Cell g105419  ( Metal1 )
Bounds : ( 80.600, 35.660 ) ( 91.000, 35.780 )


SHORT: ( Metal Short ) Special Wire of Net VSS & Pin of Cell g107843  ( Metal1 )
Bounds : ( 81.400, 42.500 ) ( 87.800, 42.620 )


SHORT: ( Metal Short ) Special Wire of Net VDD & Pin of Cell mult_mult16_hl_mult8_hh_p_hh_reg_reg[1]  ( Metal1 )
Bounds : ( 81.400, 44.210 ) ( 87.800, 44.330 )


SHORT: ( Metal Short ) Special Wire of Net VDD & Pin of Cell g108207  ( Metal1 )
Bounds : ( 83.200, 51.050 ) ( 94.600, 51.170 )


SHORT: ( Metal Short ) Special Wire of Net VSS & Pin of Cell FE_OFC1071_input_valid  ( Metal1 )
Bounds : ( 83.400, 56.180 ) ( 88.200, 56.300 )


SHORT: ( Metal Short ) Special Wire of Net VDD & Pin of Cell g106009  ( Metal1 )
Bounds : ( 83.600, 30.530 ) ( 99.600, 30.650 )


SHORT: ( Metal Short ) Special Wire of Net VSS & Pin of Cell g106537  ( Metal1 )
Bounds : ( 83.800, 32.240 ) ( 92.800, 32.360 )


SHORT: ( Metal Short ) Special Wire of Net VDD & Pin of Cell mult_mult16_hl_mult8_hh_p_lh_reg_reg[5]  ( Metal1 )
Bounds : ( 83.800, 33.950 ) ( 91.200, 34.070 )


SHORT: ( Metal Short ) Special Wire of Net VDD & Pin of Cell csa_tree_ADD_TC_OP_3_groupi505_g470  ( Metal1 )
Bounds : ( 84.400, 37.370 ) ( 87.800, 37.490 )


SHORT: ( Metal Short ) Special Wire of Net VSS & Pin of Cell g108194  ( Metal1 )
Bounds : ( 85.800, 52.760 ) ( 89.200, 52.880 )


SHORT: ( Metal Short ) Special Wire of Net VSS & Pin of Cell csa_tree_ADD_TC_OP_3_groupi505_g506  ( Metal1 )
Bounds : ( 68.600, 45.920 ) ( 87.800, 46.040 )


SHORT: ( Metal Short ) Special Wire of Net VDD & Pin of Cell csa_tree_ADD_TC_OP_3_groupi499_g474  ( Metal1 )
Bounds : ( 105.400, 27.110 ) ( 108.400, 27.230 )


SHORT: ( Metal Short ) Special Wire of Net VDD & Pin of Cell mult_mult16_hl_p_hh_reg_d1_reg[12]  ( Metal1 )
Bounds : ( 104.000, 16.850 ) ( 108.000, 16.970 )


SHORT: ( Metal Short ) Special Wire of Net VDD & Pin of Cell mult_mult16_lh_p_hl_reg_reg[10]  ( Metal1 )
Bounds : ( 101.200, 27.110 ) ( 105.000, 27.230 )


SHORT: ( Metal Short ) Special Wire of Net VSS & Pin of Cell csa_tree_ADD_TC_OP_3_groupi499_g457  ( Metal1 )
Bounds : ( 100.800, 25.400 ) ( 113.400, 25.520 )


SHORT: ( Metal Short ) Special Wire of Net VDD & Pin of Cell mult_mult16_lh_add_196_36_g508  ( Metal1 )
Bounds : ( 100.400, 20.270 ) ( 111.400, 20.390 )


SHORT: ( Metal Short ) Special Wire of Net VDD & Pin of Cell csa_tree_ADD_TC_OP_3_groupi499_g463  ( Metal1 )
Bounds : ( 106.200, 23.690 ) ( 106.600, 23.810 )


SHORT: ( Metal Short ) Special Wire of Net VDD & Pin of Cell csa_tree_ADD_TC_OP_2_groupi506_g1008  ( Metal1 )
Bounds : ( 108.200, 16.850 ) ( 113.200, 16.970 )


SHORT: ( Metal Short ) Special Wire of Net VSS & Pin of Cell mult_mult16_lh_add_196_36_g411  ( Metal1 )
Bounds : ( 110.200, 15.140 ) ( 111.600, 15.260 )


SHORT: ( Metal Short ) Special Wire of Net VSS & Pin of Cell mult_mult16_lh_add_196_36_g481  ( Metal1 )
Bounds : ( 110.400, 18.560 ) ( 111.200, 18.680 )


SHORT: ( Metal Short ) Special Wire of Net VSS & Pin of Cell mult_mult16_lh_add_196_36_g423  ( Metal1 )
Bounds : ( 111.400, 18.560 ) ( 113.000, 18.680 )


SHORT: ( Metal Short ) Special Wire of Net VDD & Pin of Cell mult_mult16_hl_p_hh_reg_reg[8]  ( Metal1 )
Bounds : ( 86.200, 16.850 ) ( 90.400, 16.970 )


SHORT: ( Metal Short ) Special Wire of Net VSS & Pin of Cell mult_mult16_hl_p_hh_reg_reg[9]  ( Metal1 )
Bounds : ( 86.200, 18.560 ) ( 90.800, 18.680 )


SHORT: ( Metal Short ) Special Wire of Net VSS & Pin of Cell csa_tree_ADD_TC_OP_3_groupi505_g481  ( Metal1 )
Bounds : ( 87.000, 21.980 ) ( 89.600, 22.100 )


SHORT: ( Metal Short ) Special Wire of Net VDD & Pin of Cell csa_tree_ADD_TC_OP_3_groupi505_g464  ( Metal1 )
Bounds : ( 87.000, 23.690 ) ( 89.600, 23.810 )


SHORT: ( Metal Short ) Special Wire of Net VSS & Pin of Cell csa_tree_ADD_TC_OP_3_groupi505_g468  ( Metal1 )
Bounds : ( 87.200, 25.400 ) ( 89.600, 25.520 )


SHORT: ( Metal Short ) Special Wire of Net VDD & Pin of Cell csa_tree_ADD_TC_OP_3_groupi505_g467  ( Metal1 )
Bounds : ( 89.800, 23.690 ) ( 91.000, 23.810 )


SHORT: ( Metal Short ) Special Wire of Net VSS & Pin of Cell csa_tree_ADD_TC_OP_3_groupi505_g484  ( Metal1 )
Bounds : ( 89.800, 25.400 ) ( 96.200, 25.520 )


SHORT: ( Metal Short ) Special Wire of Net VSS & Pin of Cell csa_tree_ADD_TC_OP_3_groupi505_g467  ( Metal1 )
Bounds : ( 90.000, 21.980 ) ( 91.000, 22.100 )


SHORT: ( Metal Short ) Special Wire of Net VDD & Pin of Cell mult_mult16_hl_p_hh_reg_reg[10]  ( Metal1 )
Bounds : ( 91.000, 16.850 ) ( 94.600, 16.970 )


SHORT: ( Metal Short ) Special Wire of Net VSS & Pin of Cell mult_mult16_hl_p_hh_reg_reg[10]  ( Metal1 )
Bounds : ( 91.000, 18.560 ) ( 94.600, 18.680 )


SHORT: ( Metal Short ) Special Wire of Net VDD & Pin of Cell mult_mult16_hl_mult8_hh_p_hh_reg_reg[5]  ( Metal1 )
Bounds : ( 91.200, 23.690 ) ( 96.600, 23.810 )


SHORT: ( Metal Short ) Special Wire of Net VSS & Pin of Cell csa_tree_ADD_TC_OP_3_groupi505_g451  ( Metal1 )
Bounds : ( 91.400, 21.980 ) ( 92.800, 22.100 )


SHORT: ( Metal Short ) Special Wire of Net VSS & Pin of Cell mult_mult16_hl_mult8_hh_p_hh_reg_reg[5]  ( Metal1 )
Bounds : ( 93.000, 21.980 ) ( 96.600, 22.100 )


SHORT: ( Metal Short ) Special Wire of Net VDD & Pin of Cell g104944  ( Metal1 )
Bounds : ( 93.200, 27.110 ) ( 96.200, 27.230 )


SHORT: ( Metal Short ) Special Wire of Net VSS & Pin of Cell csa_tree_ADD_TC_OP_3_groupi505_g453  ( Metal1 )
Bounds : ( 94.800, 18.560 ) ( 97.400, 18.680 )


SHORT: ( Metal Short ) Special Wire of Net VDD & Pin of Cell csa_tree_ADD_TC_OP_3_groupi505_g454  ( Metal1 )
Bounds : ( 94.800, 20.270 ) ( 99.800, 20.390 )


SHORT: ( Metal Short ) Special Wire of Net VDD & Pin of Cell mult_mult16_hl_p_hh_reg_d1_reg[11]  ( Metal1 )
Bounds : ( 95.000, 16.850 ) ( 99.200, 16.970 )


SHORT: ( Metal Short ) Special Wire of Net VSS & Pin of Cell g104761  ( Metal1 )
Bounds : ( 96.400, 25.400 ) ( 99.600, 25.520 )


SHORT: ( Metal Short ) Special Wire of Net VSS & Pin of Cell csa_tree_ADD_TC_OP_3_groupi505_g458  ( Metal1 )
Bounds : ( 98.000, 18.560 ) ( 99.400, 18.680 )


SHORT: ( Metal Short ) Special Wire of Net VSS & Pin of Cell csa_tree_ADD_TC_OP_2_groupi506_g1013  ( Metal1 )
Bounds : ( 99.400, 15.140 ) ( 110.000, 15.260 )


SHORT: ( Metal Short ) Special Wire of Net VDD & Pin of Cell mult_mult16_hl_mult8_hh_p_hh_reg_reg[6]  ( Metal1 )
Bounds : ( 97.200, 23.690 ) ( 106.000, 23.810 )


SHORT: ( Metal Short ) Special Wire of Net VSS & Pin of Cell csa_tree_ADD_TC_OP_3_groupi505_g457  ( Metal1 )
Bounds : ( 97.000, 21.980 ) ( 112.600, 22.100 )


SHORT: ( Metal Short ) Special Wire of Net VDD & Pin of Cell g105418  ( Metal1 )
Bounds : ( 96.400, 27.110 ) ( 100.600, 27.230 )


SHORT: ( Metal Short ) Special Wire of Net VDD & Pin of Cell mult_mult16_hl_p_hh_reg_reg[12]  ( Metal1 )
Bounds : ( 99.600, 16.850 ) ( 103.800, 16.970 )


SHORT: ( Metal Short ) Special Wire of Net VSS & Pin of Cell csa_tree_ADD_TC_OP_2_groupi506_g1001  ( Metal1 )
Bounds : ( 99.600, 18.560 ) ( 110.200, 18.680 )


SHORT: ( Metal Short ) Special Wire of Net VDD & Pin of Cell csa_tree_ADD_TC_OP_2_groupi506_g1019  ( Metal1 )
Bounds : ( 97.800, 10.010 ) ( 99.600, 10.130 )


SHORT: ( Metal Short ) Special Wire of Net VDD & Pin of Cell csa_tree_ADD_TC_OP_2_groupi506_g1084  ( Metal1 )
Bounds : ( 95.800, 10.010 ) ( 96.600, 10.130 )


SHORT: ( Metal Short ) Special Wire of Net VDD & Pin of Cell csa_tree_ADD_TC_OP_2_groupi506_g1007  ( Metal1 )
Bounds : ( 93.800, 10.010 ) ( 95.400, 10.130 )


SHORT: ( Metal Short ) Special Wire of Net VSS & Pin of Cell csa_tree_ADD_TC_OP_2_groupi506_g1084  ( Metal1 )
Bounds : ( 93.600, 11.720 ) ( 103.800, 11.840 )


SHORT: ( Metal Short ) Special Wire of Net VSS & Pin of Cell csa_tree_ADD_TC_OP_2_groupi506_g1080  ( Metal1 )
Bounds : ( 92.400, 11.720 ) ( 93.200, 11.840 )


SHORT: ( Metal Short ) Special Wire of Net VDD & Pin of Cell csa_tree_ADD_TC_OP_2_groupi506_g1080  ( Metal1 )
Bounds : ( 92.400, 10.010 ) ( 93.200, 10.130 )


SHORT: ( Metal Short ) Special Wire of Net VDD & Pin of Cell mult_p_hl_reg_reg[23]  ( Metal1 )
Bounds : ( 88.000, 10.010 ) ( 91.600, 10.130 )


SHORT: ( Metal Short ) Special Wire of Net VDD & Pin of Cell FE_RC_273_0  ( Metal1 )
Bounds : ( 99.800, 10.010 ) ( 100.600, 10.130 )


SHORT: ( Metal Short ) Special Wire of Net VDD & Pin of Cell csa_tree_ADD_TC_OP_2_groupi506_g1000  ( Metal1 )
Bounds : ( 101.400, 10.010 ) ( 102.800, 10.130 )


SHORT: ( Metal Short ) Special Wire of Net VSS & Pin of Cell mult_mult16_hl_p_hh_reg_d1_reg[14]  ( Metal1 )
Bounds : ( 104.600, 11.720 ) ( 108.200, 11.840 )


SHORT: ( Metal Short ) Special Wire of Net VDD & Pin of Cell csa_tree_ADD_TC_OP_2_groupi506_g1002  ( Metal1 )
Bounds : ( 108.800, 10.010 ) ( 110.200, 10.130 )


SHORT: ( Metal Short ) Special Wire of Net VDD & Pin of Cell csa_tree_ADD_TC_OP_2_groupi506_g1013  ( Metal1 )
Bounds : ( 108.800, 13.430 ) ( 110.000, 13.550 )


SHORT: ( Metal Short ) Special Wire of Net VDD & Pin of Cell csa_tree_ADD_TC_OP_2_groupi506_g1090  ( Metal1 )
Bounds : ( 66.200, 16.850 ) ( 66.800, 16.970 )


SHORT: ( Metal Short ) Special Wire of Net VDD & Pin of Cell g105820  ( Metal1 )
Bounds : ( 65.400, 23.690 ) ( 66.200, 23.810 )


SHORT: ( Metal Short ) Special Wire of Net VDD & Pin of Cell g104955  ( Metal1 )
Bounds : ( 61.200, 27.110 ) ( 68.200, 27.230 )


SHORT: ( Metal Short ) Special Wire of Net VSS & Pin of Cell g104762  ( Metal1 )
Bounds : ( 61.000, 25.400 ) ( 71.800, 25.520 )


SHORT: ( Metal Short ) Special Wire of Net VDD & Pin of Cell g104874  ( Metal1 )
Bounds : ( 60.000, 27.110 ) ( 60.800, 27.230 )


SHORT: ( Metal Short ) Special Wire of Net VSS & Pin of Cell csa_tree_ADD_TC_OP_2_groupi506_g1122  ( Metal1 )
Bounds : ( 57.400, 18.560 ) ( 67.000, 18.680 )


SHORT: ( Metal Short ) Special Wire of Net VDD & Pin of Cell mult_mult16_hl_mid_sum_reg_reg[11]  ( Metal1 )
Bounds : ( 57.400, 16.850 ) ( 66.000, 16.970 )


SHORT: ( Metal Short ) Special Wire of Net VSS & Pin of Cell csa_tree_ADD_TC_OP_2_groupi506_g1114  ( Metal1 )
Bounds : ( 57.400, 15.140 ) ( 70.200, 15.260 )


SHORT: ( Metal Short ) Special Wire of Net VSS & Pin of Cell mult_mult16_hl_p_hh_reg_reg[1]  ( Metal1 )
Bounds : ( 66.600, 21.980 ) ( 77.400, 22.100 )


SHORT: ( Metal Short ) Special Wire of Net VDD & Pin of Cell g105617  ( Metal1 )
Bounds : ( 66.600, 23.690 ) ( 67.600, 23.810 )


SHORT: ( Metal Short ) Special Wire of Net VDD & Pin of Cell csa_tree_ADD_TC_OP_2_groupi506_g1105  ( Metal1 )
Bounds : ( 67.400, 16.850 ) ( 72.200, 16.970 )


SHORT: ( Metal Short ) Special Wire of Net VSS & Pin of Cell mult_mult16_hl_mult8_hh_p_ll_reg_reg[2]  ( Metal1 )
Bounds : ( 67.400, 18.560 ) ( 71.000, 18.680 )


SHORT: ( Metal Short ) Special Wire of Net VDD & Pin of Cell g106167  ( Metal1 )
Bounds : ( 68.000, 23.690 ) ( 69.200, 23.810 )


SHORT: ( Metal Short ) Special Wire of Net VDD & Pin of Cell mult_mult16_hl_p_hh_reg_reg[0]  ( Metal1 )
Bounds : ( 68.600, 27.110 ) ( 77.000, 27.230 )


SHORT: ( Metal Short ) Special Wire of Net VSS & Pin of Cell csa_tree_ADD_TC_OP_2_groupi506_g1058  ( Metal1 )
Bounds : ( 71.200, 18.560 ) ( 72.200, 18.680 )


SHORT: ( Metal Short ) Special Wire of Net VSS & Pin of Cell mult_mult16_hl_mult8_hh_p_ll_reg_reg[3]  ( Metal1 )
Bounds : ( 72.400, 25.400 ) ( 76.200, 25.520 )


SHORT: ( Metal Short ) Special Wire of Net VDD & Pin of Cell csa_tree_ADD_TC_OP_2_groupi506_g1059  ( Metal1 )
Bounds : ( 72.600, 16.850 ) ( 81.400, 16.970 )


SHORT: ( Metal Short ) Special Wire of Net VSS & Pin of Cell csa_tree_ADD_TC_OP_2_groupi506_g1074  ( Metal1 )
Bounds : ( 72.600, 18.560 ) ( 73.400, 18.680 )


SHORT: ( Metal Short ) Special Wire of Net VSS & Pin of Cell mult_mult16_hl_p_hh_reg_d1_reg[7]  ( Metal1 )
Bounds : ( 73.600, 18.560 ) ( 81.600, 18.680 )


SHORT: ( Metal Short ) Special Wire of Net VSS & Pin of Cell mult_mult16_hl_p_hh_reg_reg[5]  ( Metal1 )
Bounds : ( 77.200, 25.400 ) ( 81.000, 25.520 )


SHORT: ( Metal Short ) Special Wire of Net VDD & Pin of Cell mult_mult16_hl_p_hh_reg_reg[6]  ( Metal1 )
Bounds : ( 77.400, 27.110 ) ( 81.000, 27.230 )


SHORT: ( Metal Short ) Special Wire of Net VDD & Pin of Cell mult_p_hl_reg_reg[19]  ( Metal1 )
Bounds : ( 81.800, 16.850 ) ( 85.600, 16.970 )


SHORT: ( Metal Short ) Special Wire of Net VSS & Pin of Cell mult_p_hl_reg_reg[18]  ( Metal1 )
Bounds : ( 82.000, 18.560 ) ( 85.800, 18.680 )


SHORT: ( Metal Short ) Special Wire of Net VDD & Pin of Cell csa_tree_ADD_TC_OP_2_groupi506_g1003  ( Metal1 )
Bounds : ( 75.800, 10.010 ) ( 77.200, 10.130 )


SHORT: ( Metal Short ) Special Wire of Net VDD & Pin of Cell mult_mult16_hl_mid_sum_reg_reg[16]  ( Metal1 )
Bounds : ( 66.200, 10.010 ) ( 69.800, 10.130 )


SHORT: ( Metal Short ) Special Wire of Net VDD & Pin of Cell mult_mult16_hl_mid_sum_reg_reg[14]  ( Metal1 )
Bounds : ( 61.400, 13.430 ) ( 65.000, 13.550 )


SHORT: ( Metal Short ) Special Wire of Net VSS & Pin of Cell mult_mult16_hl_mid_sum_reg_reg[14]  ( Metal1 )
Bounds : ( 61.400, 11.720 ) ( 65.000, 11.840 )


SHORT: ( Metal Short ) Special Wire of Net VDD & Pin of Cell mult_mult16_hl_add_196_36_g413  ( Metal1 )
Bounds : ( 60.600, 10.010 ) ( 61.000, 10.130 )


SHORT: ( Metal Short ) Special Wire of Net VSS & Pin of Cell FE_OFC17_reset_n  ( Metal1 )
Bounds : ( 59.600, 11.720 ) ( 61.000, 11.840 )


SHORT: ( Metal Short ) Special Wire of Net VDD & Pin of Cell csa_tree_ADD_TC_OP_2_groupi506_g1076  ( Metal1 )
Bounds : ( 74.600, 10.010 ) ( 75.400, 10.130 )


SHORT: ( Metal Short ) Special Wire of Net VDD & Pin of Cell csa_tree_ADD_TC_OP_2_groupi506_g1050  ( Metal1 )
Bounds : ( 77.600, 10.010 ) ( 78.600, 10.130 )


SHORT: ( Metal Short ) Special Wire of Net VDD & Pin of Cell csa_tree_ADD_TC_OP_2_groupi506_g1079  ( Metal1 )
Bounds : ( 79.000, 10.010 ) ( 79.800, 10.130 )


SHORT: ( Metal Short ) Special Wire of Net VDD & Pin of Cell csa_tree_ADD_TC_OP_2_groupi506_g1004  ( Metal1 )
Bounds : ( 80.400, 10.010 ) ( 81.800, 10.130 )


SHORT: ( Metal Short ) Special Wire of Net VDD & Pin of Cell csa_tree_ADD_TC_OP_2_groupi506_g1100  ( Metal1 )
Bounds : ( 65.400, 13.430 ) ( 83.800, 13.550 )


SHORT: ( Metal Short ) Special Wire of Net VSS & Pin of Cell csa_tree_ADD_TC_OP_2_groupi506_g1076  ( Metal1 )
Bounds : ( 65.400, 11.720 ) ( 83.000, 11.840 )


SHORT: ( Metal Short ) Special Wire of Net VSS & Pin of Cell csa_tree_ADD_TC_OP_3_groupi505_g483  ( Metal1 )
Bounds : ( 77.800, 21.980 ) ( 86.800, 22.100 )


SHORT: ( Metal Short ) Special Wire of Net VSS & Pin of Cell csa_tree_ADD_TC_OP_3_groupi505_g499  ( Metal1 )
Bounds : ( 81.400, 25.400 ) ( 86.600, 25.520 )


SHORT: ( Metal Short ) Special Wire of Net VDD & Pin of Cell csa_tree_ADD_TC_OP_3_groupi505_g489  ( Metal1 )
Bounds : ( 81.400, 27.110 ) ( 92.600, 27.230 )


SHORT: ( Metal Short ) Special Wire of Net VDD & Pin of Cell mult_p_hl_reg_reg[20]  ( Metal1 )
Bounds : ( 84.000, 10.010 ) ( 87.600, 10.130 )


SHORT: ( Metal Short ) Special Wire of Net VSS & Pin of Cell mult_p_hl_reg_reg[20]  ( Metal1 )
Bounds : ( 84.000, 11.720 ) ( 92.000, 11.840 )


SHORT: ( Metal Short ) Special Wire of Net VDD & Pin of Cell mult_p_hl_reg_reg[22]  ( Metal1 )
Bounds : ( 84.400, 13.430 ) ( 108.400, 13.550 )


SHORT: ( Metal Short ) Special Wire of Net VDD & Pin of Cell csa_tree_ADD_TC_OP_2_groupi506_g1099  ( Metal1 )
Bounds : ( 58.000, 20.270 ) ( 94.600, 20.390 )


SHORT: ( Metal Short ) Special Wire of Net VDD & Pin of Cell mult_mult16_hl_p_hh_reg_d1_reg[0]  ( Metal1 )
Bounds : ( 69.400, 23.690 ) ( 86.800, 23.810 )


SHORT: ( Metal Short ) Special Wire of Net VSS & Pin of Cell csa_tree_ADD_TC_OP_2_groupi506_g1088  ( Metal1 )
Bounds : ( 70.400, 15.140 ) ( 99.200, 15.260 )


SHORT: ( Metal Short ) Special Wire of Net VSS & Pin of Cell csa_tree_ADD_TC_OP_3_groupi503_cdnfadd_003_0  ( Metal1 )
Bounds : ( 36.600, 45.920 ) ( 41.800, 46.040 )


SHORT: ( Metal Short ) Special Wire of Net VDD & Pin of Cell mult_mult16_hl_mult8_lh_p_lh_reg_reg[2]  ( Metal1 )
Bounds : ( 36.200, 54.470 ) ( 41.600, 54.590 )


SHORT: ( Metal Short ) Special Wire of Net VSS & Pin of Cell g108263  ( Metal1 )
Bounds : ( 35.400, 45.920 ) ( 36.200, 46.040 )


SHORT: ( Metal Short ) Special Wire of Net VDD & Pin of Cell g106073  ( Metal1 )
Bounds : ( 34.800, 54.470 ) ( 36.000, 54.590 )


SHORT: ( Metal Short ) Special Wire of Net VDD & Pin of Cell mult_mult16_hl_mult8_lh_p_lh_reg_reg[7]  ( Metal1 )
Bounds : ( 33.200, 44.210 ) ( 42.000, 44.330 )


SHORT: ( Metal Short ) Special Wire of Net VSS & Pin of Cell g106015  ( Metal1 )
Bounds : ( 33.000, 56.180 ) ( 38.000, 56.300 )


SHORT: ( Metal Short ) Special Wire of Net VDD & Pin of Cell g105576  ( Metal1 )
Bounds : ( 32.800, 54.470 ) ( 34.600, 54.590 )


SHORT: ( Metal Short ) Special Wire of Net VDD & Pin of Cell g107983  ( Metal1 )
Bounds : ( 32.200, 44.210 ) ( 32.800, 44.330 )


SHORT: ( Metal Short ) Special Wire of Net VSS & Pin of Cell g104620  ( Metal1 )
Bounds : ( 31.600, 49.340 ) ( 49.400, 49.460 )


SHORT: ( Metal Short ) Special Wire of Net VDD & Pin of Cell g106884  ( Metal1 )
Bounds : ( 31.400, 44.210 ) ( 32.000, 44.330 )


SHORT: ( Metal Short ) Special Wire of Net VSS & Pin of Cell g106884  ( Metal1 )
Bounds : ( 31.200, 45.920 ) ( 35.200, 46.040 )


SHORT: ( Metal Short ) Special Wire of Net VSS & Pin of Cell g108079  ( Metal1 )
Bounds : ( 30.600, 49.340 ) ( 31.200, 49.460 )


SHORT: ( Metal Short ) Special Wire of Net VSS & Pin of Cell g106228  ( Metal1 )
Bounds : ( 29.800, 52.760 ) ( 42.600, 52.880 )


SHORT: ( Metal Short ) Special Wire of Net VDD & Pin of Cell g104719  ( Metal1 )
Bounds : ( 28.800, 47.630 ) ( 54.400, 47.750 )


SHORT: ( Metal Short ) Special Wire of Net VSS & Pin of Cell mult_mult16_hl_p_ll_reg_d1_reg[15]  ( Metal1 )
Bounds : ( 38.200, 56.180 ) ( 41.800, 56.300 )


SHORT: ( Metal Short ) Special Wire of Net VDD & Pin of Cell g106997  ( Metal1 )
Bounds : ( 41.800, 54.470 ) ( 49.600, 54.590 )


SHORT: ( Metal Short ) Special Wire of Net VSS & Pin of Cell csa_tree_ADD_TC_OP_3_groupi503_g486  ( Metal1 )
Bounds : ( 42.000, 56.180 ) ( 45.000, 56.300 )


SHORT: ( Metal Short ) Special Wire of Net VSS & Pin of Cell g107867  ( Metal1 )
Bounds : ( 42.200, 45.920 ) ( 47.000, 46.040 )


SHORT: ( Metal Short ) Special Wire of Net VDD & Pin of Cell g105345  ( Metal1 )
Bounds : ( 42.400, 44.210 ) ( 45.800, 44.330 )


SHORT: ( Metal Short ) Special Wire of Net VSS & Pin of Cell csa_tree_ADD_TC_OP_3_groupi503_g476  ( Metal1 )
Bounds : ( 42.800, 52.760 ) ( 44.400, 52.880 )


SHORT: ( Metal Short ) Special Wire of Net VSS & Pin of Cell g108485  ( Metal1 )
Bounds : ( 45.000, 52.760 ) ( 56.400, 52.880 )


SHORT: ( Metal Short ) Special Wire of Net VSS & Pin of Cell g106610  ( Metal1 )
Bounds : ( 45.200, 56.180 ) ( 49.600, 56.300 )


SHORT: ( Metal Short ) Special Wire of Net VDD & Pin of Cell g106889  ( Metal1 )
Bounds : ( 46.200, 44.210 ) ( 46.800, 44.330 )


SHORT: ( Metal Short ) Special Wire of Net VDD & Pin of Cell g107927  ( Metal1 )
Bounds : ( 47.200, 44.210 ) ( 47.800, 44.330 )


SHORT: ( Metal Short ) Special Wire of Net VSS & Pin of Cell g107961  ( Metal1 )
Bounds : ( 47.200, 45.920 ) ( 48.400, 46.040 )


SHORT: ( Metal Short ) Special Wire of Net VSS & Pin of Cell csa_tree_ADD_TC_OP_3_groupi504_g471  ( Metal1 )
Bounds : ( 48.800, 45.920 ) ( 56.000, 46.040 )


SHORT: ( Metal Short ) Special Wire of Net VDD & Pin of Cell csa_tree_ADD_TC_OP_3_groupi504_g470  ( Metal1 )
Bounds : ( 49.600, 44.210 ) ( 55.200, 44.330 )


SHORT: ( Metal Short ) Special Wire of Net VDD & Pin of Cell mult_mult16_hl_add_196_36_g435  ( Metal1 )
Bounds : ( 50.000, 54.470 ) ( 51.200, 54.590 )


SHORT: ( Metal Short ) Special Wire of Net VDD & Pin of Cell csa_tree_ADD_TC_OP_3_groupi504_g485  ( Metal1 )
Bounds : ( 55.400, 44.210 ) ( 56.200, 44.330 )


SHORT: ( Metal Short ) Special Wire of Net VDD & Pin of Cell csa_tree_ADD_TC_OP_3_groupi503_g467  ( Metal1 )
Bounds : ( 36.400, 30.530 ) ( 37.600, 30.650 )


SHORT: ( Metal Short ) Special Wire of Net VSS & Pin of Cell csa_tree_ADD_TC_OP_3_groupi503_g461  ( Metal1 )
Bounds : ( 36.400, 28.820 ) ( 39.400, 28.940 )


SHORT: ( Metal Short ) Special Wire of Net VDD & Pin of Cell csa_tree_ADD_TC_OP_3_groupi503_g492  ( Metal1 )
Bounds : ( 34.200, 30.530 ) ( 36.000, 30.650 )


SHORT: ( Metal Short ) Special Wire of Net VSS & Pin of Cell csa_tree_ADD_TC_OP_3_groupi503_g454  ( Metal1 )
Bounds : ( 34.200, 28.820 ) ( 36.000, 28.940 )


SHORT: ( Metal Short ) Special Wire of Net VDD & Pin of Cell csa_tree_ADD_TC_OP_3_groupi503_cdnfadd_007_0  ( Metal1 )
Bounds : ( 33.400, 33.950 ) ( 36.600, 34.070 )


SHORT: ( Metal Short ) Special Wire of Net VSS & Pin of Cell csa_tree_ADD_TC_OP_3_groupi503_cdnfadd_007_0  ( Metal1 )
Bounds : ( 33.400, 32.240 ) ( 36.400, 32.360 )


SHORT: ( Metal Short ) Special Wire of Net VDD & Pin of Cell csa_tree_ADD_TC_OP_3_groupi503_g493  ( Metal1 )
Bounds : ( 33.200, 30.530 ) ( 33.800, 30.650 )


SHORT: ( Metal Short ) Special Wire of Net VSS & Pin of Cell csa_tree_ADD_TC_OP_3_groupi503_g493  ( Metal1 )
Bounds : ( 33.200, 28.820 ) ( 33.800, 28.940 )


SHORT: ( Metal Short ) Special Wire of Net VSS & Pin of Cell g106214  ( Metal1 )
Bounds : ( 31.200, 42.500 ) ( 48.400, 42.620 )


SHORT: ( Metal Short ) Special Wire of Net VSS & Pin of Cell g104617  ( Metal1 )
Bounds : ( 30.400, 35.660 ) ( 31.200, 35.780 )


SHORT: ( Metal Short ) Special Wire of Net VSS & Pin of Cell g105160  ( Metal1 )
Bounds : ( 29.600, 39.080 ) ( 30.600, 39.200 )


SHORT: ( Metal Short ) Special Wire of Net VSS & Pin of Cell g104835  ( Metal1 )
Bounds : ( 29.200, 35.660 ) ( 30.000, 35.780 )


SHORT: ( Metal Short ) Special Wire of Net VDD & Pin of Cell mult_mult16_hl_mult8_lh_p_hh_reg_reg[3]  ( Metal1 )
Bounds : ( 29.200, 33.950 ) ( 33.000, 34.070 )


SHORT: ( Metal Short ) Special Wire of Net VSS & Pin of Cell mult_mult16_hl_mult8_lh_p_hh_reg_reg[4]  ( Metal1 )
Bounds : ( 29.200, 32.240 ) ( 33.000, 32.360 )


SHORT: ( Metal Short ) Special Wire of Net VDD & Pin of Cell mult_mult16_hl_mult8_lh_p_hh_reg_reg[5]  ( Metal1 )
Bounds : ( 29.200, 30.530 ) ( 32.800, 30.650 )


SHORT: ( Metal Short ) Special Wire of Net VSS & Pin of Cell mult_mult16_hl_mult8_lh_p_hh_reg_reg[5]  ( Metal1 )
Bounds : ( 29.200, 28.820 ) ( 32.800, 28.940 )


SHORT: ( Metal Short ) Special Wire of Net VDD & Pin of Cell csa_tree_ADD_TC_OP_3_groupi503_cdnfadd_005_0  ( Metal1 )
Bounds : ( 37.000, 33.950 ) ( 44.800, 34.070 )


SHORT: ( Metal Short ) Special Wire of Net VDD & Pin of Cell csa_tree_ADD_TC_OP_3_groupi503_g484  ( Metal1 )
Bounds : ( 37.800, 30.530 ) ( 41.000, 30.650 )


SHORT: ( Metal Short ) Special Wire of Net VSS & Pin of Cell csa_tree_ADD_TC_OP_3_groupi503_g479  ( Metal1 )
Bounds : ( 39.800, 28.820 ) ( 42.200, 28.940 )


SHORT: ( Metal Short ) Special Wire of Net VDD & Pin of Cell csa_tree_ADD_TC_OP_3_groupi503_g482  ( Metal1 )
Bounds : ( 41.400, 30.530 ) ( 42.800, 30.650 )


SHORT: ( Metal Short ) Special Wire of Net VSS & Pin of Cell csa_tree_ADD_TC_OP_3_groupi503_g483  ( Metal1 )
Bounds : ( 42.400, 28.820 ) ( 43.000, 28.940 )


SHORT: ( Metal Short ) Special Wire of Net VSS & Pin of Cell mult_mult16_hl_p_hl_reg_reg[8]  ( Metal1 )
Bounds : ( 43.200, 28.820 ) ( 49.600, 28.940 )


SHORT: ( Metal Short ) Special Wire of Net VDD & Pin of Cell mult_mult16_hl_p_hl_reg_reg[9]  ( Metal1 )
Bounds : ( 43.400, 30.530 ) ( 47.400, 30.650 )


SHORT: ( Metal Short ) Special Wire of Net VDD & Pin of Cell g104618  ( Metal1 )
Bounds : ( 45.000, 33.950 ) ( 47.800, 34.070 )


SHORT: ( Metal Short ) Special Wire of Net VDD & Pin of Cell g106708  ( Metal1 )
Bounds : ( 26.200, 44.210 ) ( 27.600, 44.330 )


SHORT: ( Metal Short ) Special Wire of Net VSS & Pin of Cell g108252  ( Metal1 )
Bounds : ( 26.000, 49.340 ) ( 26.600, 49.460 )


SHORT: ( Metal Short ) Special Wire of Net VSS & Pin of Cell g106447  ( Metal1 )
Bounds : ( 25.600, 42.500 ) ( 28.400, 42.620 )


SHORT: ( Metal Short ) Special Wire of Net VSS & Pin of Cell g106235  ( Metal1 )
Bounds : ( 24.600, 49.340 ) ( 25.800, 49.460 )


SHORT: ( Metal Short ) Special Wire of Net VDD & Pin of Cell g108264  ( Metal1 )
Bounds : ( 24.600, 47.630 ) ( 28.600, 47.750 )


SHORT: ( Metal Short ) Special Wire of Net VDD & Pin of Cell g106396  ( Metal1 )
Bounds : ( 24.600, 44.210 ) ( 26.000, 44.330 )


SHORT: ( Metal Short ) Special Wire of Net VSS & Pin of Cell g104967  ( Metal1 )
Bounds : ( 24.400, 35.660 ) ( 27.400, 35.780 )


SHORT: ( Metal Short ) Special Wire of Net VDD & Pin of Cell g106298  ( Metal1 )
Bounds : ( 24.200, 40.790 ) ( 27.400, 40.910 )


SHORT: ( Metal Short ) Special Wire of Net VSS & Pin of Cell g106298  ( Metal1 )
Bounds : ( 24.200, 39.080 ) ( 25.800, 39.200 )


SHORT: ( Metal Short ) Special Wire of Net VDD & Pin of Cell g106012  ( Metal1 )
Bounds : ( 23.400, 51.050 ) ( 24.600, 51.170 )


SHORT: ( Metal Short ) Special Wire of Net VSS & Pin of Cell g106453  ( Metal1 )
Bounds : ( 23.400, 49.340 ) ( 24.200, 49.460 )


SHORT: ( Metal Short ) Special Wire of Net VDD & Pin of Cell g106453  ( Metal1 )
Bounds : ( 23.400, 47.630 ) ( 24.200, 47.750 )


SHORT: ( Metal Short ) Special Wire of Net VSS & Pin of Cell g106300  ( Metal1 )
Bounds : ( 21.600, 49.340 ) ( 23.200, 49.460 )


SHORT: ( Metal Short ) Special Wire of Net VDD & Pin of Cell g106300  ( Metal1 )
Bounds : ( 21.600, 47.630 ) ( 23.200, 47.750 )


SHORT: ( Metal Short ) Special Wire of Net VSS & Pin of Cell g106153  ( Metal1 )
Bounds : ( 20.000, 49.340 ) ( 21.400, 49.460 )


SHORT: ( Metal Short ) Special Wire of Net VDD & Pin of Cell g106153  ( Metal1 )
Bounds : ( 20.000, 47.630 ) ( 21.400, 47.750 )


SHORT: ( Metal Short ) Special Wire of Net VSS & Pin of Cell g104622  ( Metal1 )
Bounds : ( 19.400, 56.180 ) ( 20.800, 56.300 )


SHORT: ( Metal Short ) Special Wire of Net VSS & Pin of Cell mult_mult16_hl_mult8_ll_p_hh_reg_reg[4]  ( Metal1 )
Bounds : ( 14.800, 56.180 ) ( 18.600, 56.300 )


SHORT: ( Metal Short ) Special Wire of Net VDD & Pin of Cell g104840  ( Metal1 )
Bounds : ( 15.000, 54.470 ) ( 19.200, 54.590 )


SHORT: ( Metal Short ) Special Wire of Net VSS & Pin of Cell g104978  ( Metal1 )
Bounds : ( 18.400, 52.760 ) ( 22.800, 52.880 )


SHORT: ( Metal Short ) Special Wire of Net VDD & Pin of Cell g105916  ( Metal1 )
Bounds : ( 18.600, 51.050 ) ( 22.800, 51.170 )


SHORT: ( Metal Short ) Special Wire of Net VDD & Pin of Cell g106020  ( Metal1 )
Bounds : ( 27.600, 40.790 ) ( 48.400, 40.910 )


SHORT: ( Metal Short ) Special Wire of Net VDD & Pin of Cell g105378  ( Metal1 )
Bounds : ( 20.200, 54.470 ) ( 32.600, 54.590 )


SHORT: ( Metal Short ) Special Wire of Net VSS & Pin of Cell g104750  ( Metal1 )
Bounds : ( 21.000, 56.180 ) ( 32.800, 56.300 )


SHORT: ( Metal Short ) Special Wire of Net VSS & Pin of Cell g106493  ( Metal1 )
Bounds : ( 23.200, 52.760 ) ( 29.600, 52.880 )


SHORT: ( Metal Short ) Special Wire of Net VDD & Pin of Cell g104967  ( Metal1 )
Bounds : ( 24.400, 37.370 ) ( 29.200, 37.490 )


SHORT: ( Metal Short ) Special Wire of Net VSS & Pin of Cell g105341  ( Metal1 )
Bounds : ( 24.600, 45.920 ) ( 31.000, 46.040 )


SHORT: ( Metal Short ) Special Wire of Net VDD & Pin of Cell g107098  ( Metal1 )
Bounds : ( 25.000, 51.050 ) ( 49.400, 51.170 )


SHORT: ( Metal Short ) Special Wire of Net VSS & Pin of Cell g105755  ( Metal1 )
Bounds : ( 26.200, 39.080 ) ( 29.200, 39.200 )


SHORT: ( Metal Short ) Special Wire of Net VSS & Pin of Cell g108080  ( Metal1 )
Bounds : ( 27.000, 49.340 ) ( 30.200, 49.460 )


SHORT: ( Metal Short ) Special Wire of Net VSS & Pin of Cell g104771  ( Metal1 )
Bounds : ( 27.600, 35.660 ) ( 29.000, 35.780 )


SHORT: ( Metal Short ) Special Wire of Net VDD & Pin of Cell g108082  ( Metal1 )
Bounds : ( 27.800, 44.210 ) ( 31.000, 44.330 )


SHORT: ( Metal Short ) Special Wire of Net VSS & Pin of Cell g107096  ( Metal1 )
Bounds : ( 28.600, 42.500 ) ( 31.000, 42.620 )


SHORT: ( Metal Short ) Special Wire of Net VSS & Pin of Cell mult_mult16_hl_add_196_36_g408  ( Metal1 )
Bounds : ( 48.800, 15.140 ) ( 50.200, 15.260 )


SHORT: ( Metal Short ) Special Wire of Net VDD & Pin of Cell mult_mult16_hl_add_196_36_g477  ( Metal1 )
Bounds : ( 48.400, 20.270 ) ( 49.800, 20.390 )


SHORT: ( Metal Short ) Special Wire of Net VDD & Pin of Cell mult_mult16_hl_add_196_36_g482  ( Metal1 )
Bounds : ( 46.400, 20.270 ) ( 48.200, 20.390 )


SHORT: ( Metal Short ) Special Wire of Net VSS & Pin of Cell mult_mult16_hl_add_196_36_g468  ( Metal1 )
Bounds : ( 46.200, 21.980 ) ( 49.800, 22.100 )


SHORT: ( Metal Short ) Special Wire of Net VDD & Pin of Cell mult_mult16_hl_p_hl_reg_reg[11]  ( Metal1 )
Bounds : ( 45.200, 23.690 ) ( 48.800, 23.810 )


SHORT: ( Metal Short ) Special Wire of Net VSS & Pin of Cell mult_mult16_hl_add_196_36_g498  ( Metal1 )
Bounds : ( 44.400, 18.560 ) ( 48.200, 18.680 )


SHORT: ( Metal Short ) Special Wire of Net VDD & Pin of Cell mult_mult16_hl_add_196_36_g447  ( Metal1 )
Bounds : ( 44.200, 16.850 ) ( 51.400, 16.970 )


SHORT: ( Metal Short ) Special Wire of Net VSS & Pin of Cell mult_mult16_hl_add_196_36_g452  ( Metal1 )
Bounds : ( 44.200, 15.140 ) ( 48.600, 15.260 )


SHORT: ( Metal Short ) Special Wire of Net VDD & Pin of Cell mult_mult16_hl_p_hl_reg_reg[10]  ( Metal1 )
Bounds : ( 43.200, 27.110 ) ( 49.600, 27.230 )


SHORT: ( Metal Short ) Special Wire of Net VSS & Pin of Cell mult_mult16_hl_add_196_36_g499  ( Metal1 )
Bounds : ( 48.400, 18.560 ) ( 50.400, 18.680 )


SHORT: ( Metal Short ) Special Wire of Net VDD & Pin of Cell mult_mult16_hl_p_hl_reg_reg[12]  ( Metal1 )
Bounds : ( 49.400, 23.690 ) ( 55.400, 23.810 )


SHORT: ( Metal Short ) Special Wire of Net VDD & Pin of Cell csa_tree_ADD_TC_OP_3_groupi504_g456  ( Metal1 )
Bounds : ( 49.800, 27.110 ) ( 52.600, 27.230 )


SHORT: ( Metal Short ) Special Wire of Net VDD & Pin of Cell mult_mult16_hl_add_196_36_g409  ( Metal1 )
Bounds : ( 50.000, 20.270 ) ( 51.400, 20.390 )


SHORT: ( Metal Short ) Special Wire of Net VSS & Pin of Cell mult_mult16_hl_add_196_36_g422  ( Metal1 )
Bounds : ( 50.400, 15.140 ) ( 57.200, 15.260 )


SHORT: ( Metal Short ) Special Wire of Net VSS & Pin of Cell mult_mult16_hl_add_196_36_g504  ( Metal1 )
Bounds : ( 50.800, 18.560 ) ( 51.400, 18.680 )


SHORT: ( Metal Short ) Special Wire of Net VSS & Pin of Cell csa_tree_ADD_TC_OP_3_groupi504_g480  ( Metal1 )
Bounds : ( 51.000, 25.400 ) ( 54.200, 25.520 )


SHORT: ( Metal Short ) Special Wire of Net VDD & Pin of Cell mult_mult16_hl_add_196_36_g483  ( Metal1 )
Bounds : ( 51.600, 16.850 ) ( 57.200, 16.970 )


SHORT: ( Metal Short ) Special Wire of Net VSS & Pin of Cell mult_mult16_hl_add_196_36_g481  ( Metal1 )
Bounds : ( 51.600, 18.560 ) ( 57.200, 18.680 )


SHORT: ( Metal Short ) Special Wire of Net VDD & Pin of Cell csa_tree_ADD_TC_OP_3_groupi503_g459  ( Metal1 )
Bounds : ( 39.000, 23.690 ) ( 40.400, 23.810 )


SHORT: ( Metal Short ) Special Wire of Net VDD & Pin of Cell csa_tree_ADD_TC_OP_3_groupi503_g458  ( Metal1 )
Bounds : ( 37.400, 23.690 ) ( 38.800, 23.810 )


SHORT: ( Metal Short ) Special Wire of Net VDD & Pin of Cell csa_tree_ADD_TC_OP_3_groupi503_g452  ( Metal1 )
Bounds : ( 35.400, 23.690 ) ( 37.000, 23.810 )


SHORT: ( Metal Short ) Special Wire of Net VSS & Pin of Cell mult_mult16_hl_p_lh_reg_reg[13]  ( Metal1 )
Bounds : ( 34.600, 21.980 ) ( 38.200, 22.100 )


SHORT: ( Metal Short ) Special Wire of Net VDD & Pin of Cell mult_mult16_hl_p_lh_reg_reg[14]  ( Metal1 )
Bounds : ( 34.600, 20.270 ) ( 38.200, 20.390 )


SHORT: ( Metal Short ) Special Wire of Net VSS & Pin of Cell mult_mult16_hl_p_lh_reg_reg[14]  ( Metal1 )
Bounds : ( 34.600, 18.560 ) ( 38.200, 18.680 )


SHORT: ( Metal Short ) Special Wire of Net VDD & Pin of Cell csa_tree_ADD_TC_OP_3_groupi503_g456  ( Metal1 )
Bounds : ( 34.000, 27.110 ) ( 39.400, 27.230 )


SHORT: ( Metal Short ) Special Wire of Net VDD & Pin of Cell csa_tree_ADD_TC_OP_3_groupi503_g477  ( Metal1 )
Bounds : ( 32.800, 27.110 ) ( 33.600, 27.230 )


SHORT: ( Metal Short ) Special Wire of Net VSS & Pin of Cell csa_tree_ADD_TC_OP_3_groupi503_g450  ( Metal1 )
Bounds : ( 32.400, 21.980 ) ( 33.800, 22.100 )


SHORT: ( Metal Short ) Special Wire of Net VDD & Pin of Cell mult_mult16_hl_p_lh_reg_reg[15]  ( Metal1 )
Bounds : ( 30.200, 20.270 ) ( 33.800, 20.390 )


SHORT: ( Metal Short ) Special Wire of Net VSS & Pin of Cell mult_mult16_hl_p_lh_reg_reg[15]  ( Metal1 )
Bounds : ( 30.200, 18.560 ) ( 33.800, 18.680 )


SHORT: ( Metal Short ) Special Wire of Net VDD & Pin of Cell mult_mult16_hl_mult8_lh_p_hh_reg_reg[7]  ( Metal1 )
Bounds : ( 29.000, 27.110 ) ( 32.600, 27.230 )


SHORT: ( Metal Short ) Special Wire of Net VSS & Pin of Cell mult_mult16_hl_mult8_lh_p_hh_reg_reg[7]  ( Metal1 )
Bounds : ( 29.000, 25.400 ) ( 32.600, 25.520 )


SHORT: ( Metal Short ) Special Wire of Net VDD & Pin of Cell csa_tree_ADD_TC_OP_3_groupi503_g450  ( Metal1 )
Bounds : ( 29.000, 23.690 ) ( 34.600, 23.810 )


SHORT: ( Metal Short ) Special Wire of Net VSS & Pin of Cell csa_tree_ADD_TC_OP_3_groupi503_g457  ( Metal1 )
Bounds : ( 32.800, 25.400 ) ( 50.800, 25.520 )


SHORT: ( Metal Short ) Special Wire of Net VDD & Pin of Cell mult_mult16_hl_add_196_36_g511  ( Metal1 )
Bounds : ( 38.600, 20.270 ) ( 46.200, 20.390 )


SHORT: ( Metal Short ) Special Wire of Net VSS & Pin of Cell mult_mult16_hl_p_lh_reg_reg[12]  ( Metal1 )
Bounds : ( 38.600, 21.980 ) ( 46.000, 22.100 )


SHORT: ( Metal Short ) Special Wire of Net VDD & Pin of Cell csa_tree_ADD_TC_OP_3_groupi503_g451  ( Metal1 )
Bounds : ( 39.800, 27.110 ) ( 43.000, 27.230 )


SHORT: ( Metal Short ) Special Wire of Net VSS & Pin of Cell mult_mult16_hl_p_lh_reg_reg[11]  ( Metal1 )
Bounds : ( 40.400, 18.560 ) ( 44.000, 18.680 )


SHORT: ( Metal Short ) Special Wire of Net VDD & Pin of Cell mult_mult16_hl_p_lh_reg_reg[8]  ( Metal1 )
Bounds : ( 41.000, 23.690 ) ( 44.800, 23.810 )


SHORT: ( Metal Short ) Special Wire of Net VDD & Pin of Cell mult_mult16_hl_add_196_36_g462  ( Metal1 )
Bounds : ( 45.000, 13.430 ) ( 45.600, 13.550 )


SHORT: ( Metal Short ) Special Wire of Net VDD & Pin of Cell mult_mult16_hl_add_196_36_g448  ( Metal1 )
Bounds : ( 46.200, 13.430 ) ( 47.400, 13.550 )


SHORT: ( Metal Short ) Special Wire of Net VDD & Pin of Cell mult_mult16_hl_add_196_36_g416  ( Metal1 )
Bounds : ( 47.600, 13.430 ) ( 48.600, 13.550 )


SHORT: ( Metal Short ) Special Wire of Net VDD & Pin of Cell mult_mult16_hl_add_196_36_g408  ( Metal1 )
Bounds : ( 48.800, 13.430 ) ( 50.200, 13.550 )


SHORT: ( Metal Short ) Special Wire of Net VDD & Pin of Cell mult_mult16_hl_add_196_36_g443  ( Metal1 )
Bounds : ( 50.400, 13.430 ) ( 50.800, 13.550 )


SHORT: ( Metal Short ) Special Wire of Net VSS & Pin of Cell mult_mult16_hl_add_196_36_g406  ( Metal1 )
Bounds : ( 51.200, 11.720 ) ( 52.600, 11.840 )


SHORT: ( Metal Short ) Special Wire of Net VDD & Pin of Cell mult_mult16_hl_add_196_36_g441  ( Metal1 )
Bounds : ( 54.800, 10.010 ) ( 55.800, 10.130 )


SHORT: ( Metal Short ) Special Wire of Net VDD & Pin of Cell g104749  ( Metal1 )
Bounds : ( 29.600, 37.370 ) ( 57.400, 37.490 )


SHORT: ( Metal Short ) Special Wire of Net VSS & Pin of Cell g104729  ( Metal1 )
Bounds : ( 30.800, 39.080 ) ( 61.400, 39.200 )


SHORT: ( Metal Short ) Special Wire of Net VSS & Pin of Cell csa_tree_ADD_TC_OP_3_groupi503_cdnfadd_006_0  ( Metal1 )
Bounds : ( 31.600, 35.660 ) ( 64.200, 35.780 )


SHORT: ( Metal Short ) Special Wire of Net VSS & Pin of Cell csa_tree_ADD_TC_OP_3_groupi504_cdnfadd_006_0  ( Metal1 )
Bounds : ( 37.000, 32.240 ) ( 68.000, 32.360 )


SHORT: ( Metal Short ) Special Wire of Net VDD & Pin of Cell g106885  ( Metal1 )
Bounds : ( 47.800, 30.530 ) ( 68.000, 30.650 )


SHORT: ( Metal Short ) Special Wire of Net VDD & Pin of Cell mult_mult16_hl_mult8_hl_p_lh_reg_reg[6]  ( Metal1 )
Bounds : ( 48.200, 33.950 ) ( 61.400, 34.070 )


SHORT: ( Metal Short ) Special Wire of Net VDD & Pin of Cell g107883  ( Metal1 )
Bounds : ( 48.600, 40.790 ) ( 70.400, 40.910 )


SHORT: ( Metal Short ) Special Wire of Net VSS & Pin of Cell csa_tree_ADD_TC_OP_3_groupi504_cdnfadd_003_0  ( Metal1 )
Bounds : ( 48.600, 42.500 ) ( 62.600, 42.620 )


SHORT: ( Metal Short ) Special Wire of Net VSS & Pin of Cell csa_tree_ADD_TC_OP_3_groupi504_cdnfadd_002_0  ( Metal1 )
Bounds : ( 49.600, 49.340 ) ( 72.000, 49.460 )


SHORT: ( Metal Short ) Special Wire of Net VDD & Pin of Cell mult_mult16_hl_add_196_36_g429  ( Metal1 )
Bounds : ( 49.600, 51.050 ) ( 62.800, 51.170 )


SHORT: ( Metal Short ) Special Wire of Net VSS & Pin of Cell csa_tree_ADD_TC_OP_3_groupi504_cdnfadd_007_0  ( Metal1 )
Bounds : ( 49.800, 28.820 ) ( 61.200, 28.940 )


SHORT: ( Metal Short ) Special Wire of Net VSS & Pin of Cell mult_mult16_hl_p_hl_reg_reg[13]  ( Metal1 )
Bounds : ( 50.000, 21.980 ) ( 65.200, 22.100 )


SHORT: ( Metal Short ) Special Wire of Net VDD & Pin of Cell mult_mult16_hl_add_196_36_g412  ( Metal1 )
Bounds : ( 51.000, 13.430 ) ( 61.000, 13.550 )


SHORT: ( Metal Short ) Special Wire of Net VDD & Pin of Cell mult_mult16_hl_add_196_36_g508  ( Metal1 )
Bounds : ( 51.600, 20.270 ) ( 57.600, 20.390 )


SHORT: ( Metal Short ) Special Wire of Net VSS & Pin of Cell mult_mult16_hl_add_196_36_g441  ( Metal1 )
Bounds : ( 52.800, 11.720 ) ( 59.200, 11.840 )


SHORT: ( Metal Short ) Special Wire of Net VDD & Pin of Cell csa_tree_ADD_TC_OP_3_groupi504_g493  ( Metal1 )
Bounds : ( 53.200, 27.110 ) ( 59.800, 27.230 )


SHORT: ( Metal Short ) Special Wire of Net VSS & Pin of Cell csa_tree_ADD_TC_OP_3_groupi504_g477  ( Metal1 )
Bounds : ( 54.600, 25.400 ) ( 60.800, 25.520 )


SHORT: ( Metal Short ) Special Wire of Net VDD & Pin of Cell mult_mult16_hl_mult8_hl_p_hh_reg_reg[6]  ( Metal1 )
Bounds : ( 55.600, 23.690 ) ( 65.200, 23.810 )


SHORT: ( Metal Short ) Special Wire of Net VDD & Pin of Cell csa_tree_ADD_TC_OP_3_groupi504_g498  ( Metal1 )
Bounds : ( 56.400, 44.210 ) ( 62.600, 44.330 )


SHORT: ( Metal Short ) Special Wire of Net VSS & Pin of Cell g105222  ( Metal1 )
Bounds : ( 56.400, 45.920 ) ( 64.400, 46.040 )


SHORT: ( Metal Short ) Special Wire of Net VSS & Pin of Cell csa_tree_ADD_TC_OP_3_groupi504_g508  ( Metal1 )
Bounds : ( 56.600, 52.760 ) ( 58.200, 52.880 )


SHORT: ( Metal Short ) Special Wire of Net VSS & Pin of Cell g108337  ( Metal1 )
Bounds : ( 49.800, 56.180 ) ( 83.000, 56.300 )


SHORT: ( Metal Short ) Special Wire of Net VDD & Pin of Cell g106633  ( Metal1 )
Bounds : ( 51.600, 54.470 ) ( 94.200, 54.590 )


SHORT: ( Metal Short ) Special Wire of Net VDD & Pin of Cell g104715  ( Metal1 )
Bounds : ( 54.600, 47.630 ) ( 90.600, 47.750 )


SHORT: ( Metal Short ) Special Wire of Net VSS & Pin of Cell FE_OFC1068_n_11163  ( Metal1 )
Bounds : ( 112.600, 69.860 ) ( 116.000, 69.980 )


SHORT: ( Metal Short ) Special Wire of Net VSS & Pin of Cell csa_tree_ADD_TC_OP_3_groupi498_cdnfadd_003_0  ( Metal1 )
Bounds : ( 111.800, 76.700 ) ( 121.400, 76.820 )


SHORT: ( Metal Short ) Special Wire of Net VDD & Pin of Cell g108230  ( Metal1 )
Bounds : ( 111.400, 61.310 ) ( 120.400, 61.430 )


SHORT: ( Metal Short ) Special Wire of Net VDD & Pin of Cell csa_tree_ADD_TC_OP_3_groupi498_g462  ( Metal1 )
Bounds : ( 109.200, 68.150 ) ( 121.200, 68.270 )


SHORT: ( Metal Short ) Special Wire of Net VSS & Pin of Cell g105326  ( Metal1 )
Bounds : ( 108.200, 59.600 ) ( 118.200, 59.720 )


SHORT: ( Metal Short ) Special Wire of Net VDD & Pin of Cell FE_OFC52_flag_reg_7  ( Metal1 )
Bounds : ( 108.200, 57.890 ) ( 141.200, 58.010 )


SHORT: ( Metal Short ) Special Wire of Net VDD & Pin of Cell g101284  ( Metal1 )
Bounds : ( 107.800, 74.990 ) ( 116.600, 75.110 )


SHORT: ( Metal Short ) Special Wire of Net VSS & Pin of Cell g106192  ( Metal1 )
Bounds : ( 105.600, 63.020 ) ( 114.600, 63.140 )


SHORT: ( Metal Short ) Special Wire of Net VDD & Pin of Cell csa_tree_ADD_TC_OP_3_groupi498_g499  ( Metal1 )
Bounds : ( 97.600, 71.570 ) ( 138.600, 71.690 )


SHORT: ( Metal Short ) Special Wire of Net VSS & Pin of Cell g108440  ( Metal1 )
Bounds : ( 80.800, 73.280 ) ( 138.600, 73.400 )


SHORT: ( Metal Short ) Special Wire of Net VDD & Pin of Cell mult_mult16_lh_mult8_lh_p_hh_reg_reg[7]  ( Metal1 )
Bounds : ( 113.200, 64.730 ) ( 132.800, 64.850 )


SHORT: ( Metal Short ) Special Wire of Net VSS & Pin of Cell g107668  ( Metal1 )
Bounds : ( 113.400, 66.440 ) ( 115.800, 66.560 )


SHORT: ( Metal Short ) Special Wire of Net VSS & Pin of Cell mult_mult16_lh_add_196_36_g510  ( Metal1 )
Bounds : ( 112.800, 32.240 ) ( 125.400, 32.360 )


SHORT: ( Metal Short ) Special Wire of Net VSS & Pin of Cell mult_mult16_lh_add_196_36_g499  ( Metal1 )
Bounds : ( 112.800, 21.980 ) ( 119.000, 22.100 )


SHORT: ( Metal Short ) Special Wire of Net VDD & Pin of Cell mult_mult16_lh_mid_sum_reg_reg[12]  ( Metal1 )
Bounds : ( 112.400, 10.010 ) ( 116.000, 10.130 )


SHORT: ( Metal Short ) Special Wire of Net VSS & Pin of Cell csa_tree_ADD_TC_OP_2_groupi501_g1076  ( Metal1 )
Bounds : ( 112.200, 15.140 ) ( 149.600, 15.260 )


SHORT: ( Metal Short ) Special Wire of Net VDD & Pin of Cell mult_mult16_lh_add_196_36_g483  ( Metal1 )
Bounds : ( 112.000, 20.270 ) ( 127.200, 20.390 )


SHORT: ( Metal Short ) Special Wire of Net VDD & Pin of Cell csa_tree_ADD_TC_OP_2_groupi501_g1118  ( Metal1 )
Bounds : ( 110.200, 13.430 ) ( 144.800, 13.550 )


SHORT: ( Metal Short ) Special Wire of Net VDD & Pin of Cell g104948  ( Metal1 )
Bounds : ( 110.000, 40.790 ) ( 114.600, 40.910 )


SHORT: ( Metal Short ) Special Wire of Net VDD & Pin of Cell g105387  ( Metal1 )
Bounds : ( 109.400, 44.210 ) ( 118.200, 44.330 )


SHORT: ( Metal Short ) Special Wire of Net VSS & Pin of Cell csa_tree_ADD_TC_OP_2_groupi501_g1119  ( Metal1 )
Bounds : ( 108.800, 11.720 ) ( 118.600, 11.840 )


SHORT: ( Metal Short ) Special Wire of Net VDD & Pin of Cell mult_mult16_lh_add_196_36_g498  ( Metal1 )
Bounds : ( 108.600, 27.110 ) ( 115.000, 27.230 )


SHORT: ( Metal Short ) Special Wire of Net VSS & Pin of Cell g104953  ( Metal1 )
Bounds : ( 108.200, 56.180 ) ( 142.600, 56.300 )


SHORT: ( Metal Short ) Special Wire of Net VDD & Pin of Cell mult_mult16_lh_p_hl_reg_reg[15]  ( Metal1 )
Bounds : ( 107.000, 23.690 ) ( 116.400, 23.810 )


SHORT: ( Metal Short ) Special Wire of Net VDD & Pin of Cell mult_mult16_lh_mult8_hl_p_lh_reg_reg[7]  ( Metal1 )
Bounds : ( 106.200, 37.370 ) ( 123.000, 37.490 )


SHORT: ( Metal Short ) Special Wire of Net VSS & Pin of Cell csa_tree_ADD_TC_OP_3_groupi499_cdnfadd_007_0  ( Metal1 )
Bounds : ( 105.400, 35.660 ) ( 124.000, 35.780 )


SHORT: ( Metal Short ) Special Wire of Net VSS & Pin of Cell g106188  ( Metal1 )
Bounds : ( 105.200, 49.340 ) ( 149.800, 49.460 )


SHORT: ( Metal Short ) Special Wire of Net VDD & Pin of Cell g108138  ( Metal1 )
Bounds : ( 102.000, 51.050 ) ( 131.000, 51.170 )


SHORT: ( Metal Short ) Special Wire of Net VDD & Pin of Cell g105997  ( Metal1 )
Bounds : ( 100.000, 47.630 ) ( 115.200, 47.750 )


SHORT: ( Metal Short ) Special Wire of Net VDD & Pin of Cell g106883  ( Metal1 )
Bounds : ( 95.000, 54.470 ) ( 118.000, 54.590 )


SHORT: ( Metal Short ) Special Wire of Net VSS & Pin of Cell g106513  ( Metal1 )
Bounds : ( 95.000, 52.760 ) ( 120.200, 52.880 )


SHORT: ( Metal Short ) Special Wire of Net VSS & Pin of Cell csa_tree_ADD_TC_OP_3_groupi500_cdnfadd_005_0  ( Metal1 )
Bounds : ( 113.200, 28.820 ) ( 136.800, 28.940 )


SHORT: ( Metal Short ) Special Wire of Net VDD & Pin of Cell mult_mult16_lh_add_196_36_g415  ( Metal1 )
Bounds : ( 113.400, 16.850 ) ( 117.400, 16.970 )


SHORT: ( Metal Short ) Special Wire of Net VSS & Pin of Cell mult_mult16_lh_add_196_36_g419  ( Metal1 )
Bounds : ( 113.400, 18.560 ) ( 114.800, 18.680 )


SHORT: ( Metal Short ) Special Wire of Net VDD & Pin of Cell mult_mult16_lh_p_lh_reg_reg[13]  ( Metal1 )
Bounds : ( 113.400, 33.950 ) ( 123.800, 34.070 )


SHORT: ( Metal Short ) Special Wire of Net VSS & Pin of Cell csa_tree_ADD_TC_OP_3_groupi500_g511  ( Metal1 )
Bounds : ( 113.400, 39.080 ) ( 131.000, 39.200 )


SHORT: ( Metal Short ) Special Wire of Net VSS & Pin of Cell mult_mult16_lh_add_196_36_g452  ( Metal1 )
Bounds : ( 113.600, 25.400 ) ( 115.200, 25.520 )


SHORT: ( Metal Short ) Special Wire of Net VDD & Pin of Cell mult_mult16_lh_add_196_36_g417  ( Metal1 )
Bounds : ( 113.600, 30.530 ) ( 117.400, 30.650 )


SHORT: ( Metal Short ) Special Wire of Net VSS & Pin of Cell g107097  ( Metal1 )
Bounds : ( 113.800, 45.920 ) ( 126.400, 46.040 )


SHORT: ( Metal Short ) Special Wire of Net VSS & Pin of Cell g105338  ( Metal1 )
Bounds : ( 105.200, 42.500 ) ( 158.800, 42.620 )


SHORT: ( Metal Short ) Special Wire of Net VSS & Pin of Cell csa_tree_ADD_TC_OP_3_groupi494_g486  ( Metal1 )
Bounds : ( 10.400, 114.320 ) ( 19.800, 114.440 )


  Total Violations : 1000 Viols.
